"Survey Year","Set count","Number of positive sets","ITIS-TSN","Species code","Scientific name","English common name","French common name","LSID","Biomass index","Lower interval","Upper interval","CV"
2006,107,3,"159988","038","APRISTURUS BRUNNEUS","BROWN CAT SHARK","HOLBICHE BRUNE","urn:lsid:marinespecies.org:taxname:158512","1405.84110878571","0.0","3367.6171560642902","0.64535387937678801"
2006,107,7,"160617","044","SQUALUS SUCKLEYI","NORTH PACIFIC SPINY DOGFISH","AIGUILLAT DU PACIFIQUE","urn:lsid:marinespecies.org:taxname:299224","5867.7740141160002","1974.25846270942","11143.9444405051","0.399716927777164"
2006,107,5,"160935","052","BATHYRAJA ALEUTICA","ALEUTIAN SKATE","RAIE ALÉUTIENNE","urn:lsid:marinespecies.org:taxname:271506","29944.085098395299","3900.3759398571401","72242.942175322794","0.62577566849175503"
2006,107,11,"160942","057","BATHYRAJA TRACHURA","ROUGHTAIL SKATE","RAIE À QUEUE RUDE","urn:lsid:marinespecies.org:taxname:271538","19772.1958232328","8817.7434862330792","32308.808827143999","0.30616069564424297"
2006,107,11,"160937","058","BATHYRAJA INTERRUPTA","SANDPAPER SKATE","RAIE RUGUEUSE","urn:lsid:marinespecies.org:taxname:271515","6241.8234100013797","2774.89707089883","10145.753783210999","0.310184353834839"
2006,107,32,"160851","059","RAJA RHINA","LONGNOSE SKATE","POCHETEAU LONG-NEZ","urn:lsid:marinespecies.org:taxname:271581","82604.846662132899","53142.499717615698","118804.054983102","0.191368208986299"
2006,107,40,"161015","066","HYDROLAGUS COLLIEI","SPOTTED RATFISH","CHIMÈRE D’AMÉRIQUE","urn:lsid:marinespecies.org:taxname:271406","22060.008657509399","14240.681390181","30203.707911064601","0.191963973115372"
2006,107,9,"161976","112","ONCORHYNCHUS KETA","CHUM SALMON","SAUMON KÉTA","urn:lsid:marinespecies.org:taxname:127183","7848.1610410296698","3195.7001245136298","13695.257093563199","0.33884846678274"
2006,107,29,"164673","220","ANTIMORA MICROLEPIS","PACIFIC FLATNOSE","ANTIMORE À PETITES ÉCAILLES","urn:lsid:marinespecies.org:taxname:272460","54131.377054451899","37828.360323227302","70555.124006736005","0.15537046850602701"
2006,107,35,"164711","222","GADUS MACROCEPHALUS","PACIFIC COD","MORUE DU PACIFIQUE","urn:lsid:marinespecies.org:taxname:254538","49293.834872718297","29381.531901834798","73283.364683599793","0.23192368966862401"
2006,107,52,"164792","225","MERLUCCIUS PRODUCTUS","PACIFIC HAKE","MERLU DU PACIFIQUE","urn:lsid:marinespecies.org:taxname:272458","933340.15859389096","622675.46638495696","1297017.2905109399","0.18617031564330699"
2006,107,58,"934083","228","GADUS CHALCOGRAMMUS","WALLEYE POLLOCK","GOBERGE DE L’ALASKA","urn:lsid:marinespecies.org:taxname:300735","30220.502410827001","20126.171417621299","42969.009848869799","0.19418117888168901"
2006,107,9,"165219","235","BOTHROCARA BRUNNEUM","TWOLINE EELPOUT","LYCODE À DEUX LIGNES","urn:lsid:marinespecies.org:taxname:279397","4524.3974936874101","1378.7203562746899","9243.2934894800892","0.46342631611604701"
2006,107,19,"165335","250","CORYPHAENOIDES CINEREUS","POPEYE","GRENADIER CENDRÉ","urn:lsid:marinespecies.org:taxname:272326","218020.54674759001","129689.890155662","319806.879409655","0.22420137916019101"
2006,107,22,"165334","251","CORYPHAENOIDES ACROLEPIS","PACIFIC GRENADIER","GRENADIER À ÉCAILLES RUDES","urn:lsid:marinespecies.org:taxname:272313","498562.86914161599","247838.44424252701","799346.52830506198","0.29351477074548599"
2006,107,26,"165427","256","ALBATROSSIA PECTORALIS","GIANT GRENADIER","GRENADIER PECTORAL","urn:lsid:marinespecies.org:taxname:236135","358671.11065735802","300558.441060515","425305.32394067798","8.7703100872240605E-2"
2006,107,51,"166706","394","SEBASTES ALEUTIANUS/MELANOSTICTUS COMPLEX","ROUGHEYE/BLACKSPOTTED ROCKFISH COMPLEX","SÉBASTE","urn:lsid:marinespecies.org:taxname:126175","2659602.9034921099","1359695.07926669","4205812.04721897","0.28072722042664999"
2006,107,75,"166707","396","SEBASTES ALUTUS","PACIFIC OCEAN PERCH","SÉBASTE À LONGUE MÂCHOIRE","urn:lsid:marinespecies.org:taxname:254573","7819757.8859599903","5114817.9910200704","11615604.117376801","0.20711484855613899"
2006,107,6,"166709","400","SEBASTES AURORA","AURORA ROCKFISH","SÉBASTE AURORE","urn:lsid:marinespecies.org:taxname:274774","3898.7818863002199","555.17703807318298","8908.5330393778404","0.56356178965686299"
2006,107,62,"166710","401","SEBASTES BABCOCKI","REDBANDED ROCKFISH","SÉBASTE À BANDES ROUGES","urn:lsid:marinespecies.org:taxname:274775","72749.092543863793","49124.629465946797","105151.713682601","0.19248580470769999"
2006,107,22,"166712","403","SEBASTES BOREALIS","SHORTRAKER ROCKFISH","SÉBASTE BORÉAL","urn:lsid:marinespecies.org:taxname:274777","244385.74520161399","87753.799193750296","451328.959551365","0.38268455139971802"
2006,107,57,"166711","405","SEBASTES BREVISPINIS","SILVERGRAY ROCKFISH","SÉBASTE ARGENTÉ","urn:lsid:marinespecies.org:taxname:274778","1501385.18000282","331866.54766804999","3470120.27144252","0.58236403431711703"
2006,107,1,"644604","409","SEBASTES VARIABILIS","DUSKY ROCKFISH","SÉBASTE VARIABLE","urn:lsid:marinespecies.org:taxname:398442","684.97742738962995","0.0","2054.9322821688902","1.02546777416139"
2006,107,9,"166715","410","SEBASTES CRAMERI","DARKBLOTCHED ROCKFISH","SÉBASTE TACHETÉ","urn:lsid:marinespecies.org:taxname:274785","38374.8805107019","3215.7684136391499","96762.382821242398","0.66267179300817902"
2006,107,21,"166716","412","SEBASTES DIPLOPROA","SPLITNOSE ROCKFISH","GUEULE-DE-LOUP","urn:lsid:marinespecies.org:taxname:274787","6831.5970039983904","1638.2939127171801","15697.4700672827","0.56817448837171802"
2006,107,13,"166717","414","SEBASTES ELONGATUS","GREENSTRIPED ROCKFISH","SÉBASTE À RAYURES VERTES","urn:lsid:marinespecies.org:taxname:274788","11472.004506409599","2535.1256372336802","22875.115340078399","0.497701008113346"
2006,107,12,"166719","417","SEBASTES ENTOMELAS","WIDOW ROCKFISH","VEUVE","urn:lsid:marinespecies.org:taxname:274791","64438.631616541199","3679.45259573577","184794.39640321501","0.838942526921436"
2006,107,3,"166720","418","SEBASTES FLAVIDUS","YELLOWTAIL ROCKFISH","SÉBASTE À QUEUE JAUNE","urn:lsid:marinespecies.org:taxname:274795","1788.5977854865801","0.0","4196.26660997815","0.62992781964206102"
2006,107,55,"166723","421","SEBASTES HELVOMACULATUS","ROSETHORN ROCKFISH","SÉBASTE ROSACÉ","urn:lsid:marinespecies.org:taxname:274799","72401.084967041694","51628.371945686296","94735.412041909294","0.15183453148641801"
2006,107,8,"166733","435","SEBASTES PAUCISPINIS","BOCACCIO","BOCACCIO","urn:lsid:marinespecies.org:taxname:274833","7779.68212129526","3077.0931444165499","13912.365453689899","0.35067558484650801"
2006,107,4,"166734","437","SEBASTES PINNIGER","CANARY ROCKFISH","SÉBASTE CANARI","urn:lsid:marinespecies.org:taxname:274836","79751.447040590603","686.25079200688901","184592.39997355599","0.59125679954610999"
2006,107,22,"166736","439","SEBASTES PRORIGER","REDSTRIPE ROCKFISH","SÉBASTE À RAIE ROUGE","urn:lsid:marinespecies.org:taxname:274838","102586.455212057","45947.188683998698","178243.70085895501","0.34224759781020497"
2006,107,22,"166737","440","SEBASTES REEDI","YELLOWMOUTH ROCKFISH","SÉBASTE À BOUCHE JAUNE","urn:lsid:marinespecies.org:taxname:274840","120394.79238856101","37012.185104805001","229630.369406185","0.41952335476529301"
2006,107,25,"166742","446","SEBASTES VARIEGATUS","HARLEQUIN ROCKFISH","SÉBASTE ARLEQUIN","urn:lsid:marinespecies.org:taxname:274863","3997.0267346687101","2015.7741171570499","6531.4368749642999","0.279049214189454"
2006,107,59,"166744","450","SEBASTES ZACENTRUS","SHARPCHIN ROCKFISH","SÉBASTE À MENTON POINTU","urn:lsid:marinespecies.org:taxname:274869","779775.39347017603","444347.73757392803","1223784.65188354","0.256541006003914"
2006,107,102,"166783","451","SEBASTOLOBUS ALASCANUS","SHORTSPINE THORNYHEAD","SÉBASTOLOBE À COURTES ÉPINES","urn:lsid:marinespecies.org:taxname:282740","1129388.3840133201","857582.31376151799","1503080.2847843301","0.15102233600665399"
2006,107,29,"166784","453","SEBASTOLOBUS ALTIVELIS","LONGSPINE THORNYHEAD","SÉBASTOLOBE À LONGUES ÉPINES","urn:lsid:marinespecies.org:taxname:282741","366234.48644005199","262512.541296785","477345.24704382598","0.14889453680048501"
2006,107,72,"167123","455","ANOPLOPOMA FIMBRIA","SABLEFISH","MORUE CHARBONNIÈRE","urn:lsid:marinespecies.org:taxname:159463","1680915.3881031701","911425.09816861805","2743315.9141816199","0.28919881162296102"
2006,107,22,"167116","467","OPHIODON ELONGATUS","LINGCOD","MORUE-LINGUE","urn:lsid:marinespecies.org:taxname:240745","31421.940611133901","17831.896846401502","46867.531818541203","0.231323435765421"
2006,107,90,"172862","602","ATHERESTHES STOMIAS","ARROWTOOTH FLOUNDER","PLIE À GRANDE BOUCHE","urn:lsid:marinespecies.org:taxname:279792","553947.133924108","382427.20769841201","743255.68629638304","0.17142296504068"
2006,107,16,"172866","605","EMBASSICHTHYS BATHYBIUS","DEEPSEA SOLE","PLIE DE PROFONDEUR","urn:lsid:marinespecies.org:taxname:280641","11017.3739302139","5916.6072765098197","17248.500846695501","0.25357748794285401"
2006,107,10,"172868","607","EOPSETTA JORDANI","PETRALE SOLE","PLIE DE CALIFORNIE","urn:lsid:marinespecies.org:taxname:280690","12499.6070469105","1433.3126114981301","28921.873709726398","0.59624910075040904"
2006,107,90,"172978","610","GLYPTOCEPHALUS ZACHIRUS","REX SOLE","PLIE ROYALE","urn:lsid:marinespecies.org:taxname:274287","168693.43336012901","129865.15342155901","219362.86085003699","0.13234610358677701"
2006,107,22,"172932","614","HIPPOGLOSSUS STENOLEPIS","PACIFIC HALIBUT","FLÉTAN DU PACIFIQUE","urn:lsid:marinespecies.org:taxname:274290","39949.038178632603","17302.8216604884","76070.784952319998","0.39325713234688697"
2006,107,35,"172871","625","LYOPSETTA EXILIS","SLENDER SOLE","PLIE MINCE","urn:lsid:marinespecies.org:taxname:281452","3310.3295461982498","2081.36735847623","4738.4907061434997","0.203689674548514"
2006,107,91,"172887","626","MICROSTOMUS PACIFICUS","DOVER SOLE","LIMANDE-SOLE","urn:lsid:marinespecies.org:taxname:274294","357986.87092471198","267034.49380779697","458514.57652672299","0.13249793627619999"
2006,107,12,"172921","628","PAROPHRYS VETULUS","ENGLISH SOLE","CARLOTTIN ANGLAIS","urn:lsid:marinespecies.org:taxname:254393","4412.6116443433002","1560.1722984555299","7969.9611583718097","0.37406300382540197"
2007,108,3,"159988","038","APRISTURUS BRUNNEUS","BROWN CAT SHARK","HOLBICHE BRUNE","urn:lsid:marinespecies.org:taxname:158512","1922.48175617008","0.0","4306.7274253863097","0.58160940034191599"
2007,108,20,"160617","044","SQUALUS SUCKLEYI","NORTH PACIFIC SPINY DOGFISH","AIGUILLAT DU PACIFIQUE","urn:lsid:marinespecies.org:taxname:299224","17405.502463211698","8269.1314612546394","28474.260364029698","0.30797763974187498"
2007,108,4,"160935","052","BATHYRAJA ALEUTICA","ALEUTIAN SKATE","RAIE ALÉUTIENNE","urn:lsid:marinespecies.org:taxname:271506","13683.8993477651","1796.0563216053099","29656.964792700001","0.54606976120987505"
2007,108,3,"160942","057","BATHYRAJA TRACHURA","ROUGHTAIL SKATE","RAIE À QUEUE RUDE","urn:lsid:marinespecies.org:taxname:271538","5776.2631515314397","0.0","13218.392239069301","0.57245380294932902"
2007,108,19,"160937","058","BATHYRAJA INTERRUPTA","SANDPAPER SKATE","RAIE RUGUEUSE","urn:lsid:marinespecies.org:taxname:271515","15371.297892138","7383.4893513264396","24162.7169527554","0.274089659774572"
2007,108,31,"160851","059","RAJA RHINA","LONGNOSE SKATE","POCHETEAU LONG-NEZ","urn:lsid:marinespecies.org:taxname:271581","78033.397890340799","52078.923831569802","109013.340765733","0.19279151274460701"
2007,108,60,"161015","066","HYDROLAGUS COLLIEI","SPOTTED RATFISH","CHIMÈRE D’AMÉRIQUE","urn:lsid:marinespecies.org:taxname:271406","42498.385013143903","25839.038708047199","65836.298491010006","0.24407618016576399"
2007,108,6,"161976","112","ONCORHYNCHUS KETA","CHUM SALMON","SAUMON KÉTA","urn:lsid:marinespecies.org:taxname:127183","4809.4397279152799","1274.36605520084","8954.2557737043408","0.42195801895485902"
2007,108,7,"164673","220","ANTIMORA MICROLEPIS","PACIFIC FLATNOSE","ANTIMORE À PETITES ÉCAILLES","urn:lsid:marinespecies.org:taxname:272460","6190.33371675532","2168.3737877847798","11071.785005961299","0.37929719415322599"
2007,108,23,"164711","222","GADUS MACROCEPHALUS","PACIFIC COD","MORUE DU PACIFIQUE","urn:lsid:marinespecies.org:taxname:254538","32230.056039906001","9257.7158279080304","61990.785492092997","0.42809329681736702"
2007,108,60,"164792","225","MERLUCCIUS PRODUCTUS","PACIFIC HAKE","MERLU DU PACIFIQUE","urn:lsid:marinespecies.org:taxname:272458","787467.99908461794","467737.07243818598","1220400.5211114101","0.24834380192724101"
2007,108,35,"934083","228","GADUS CHALCOGRAMMUS","WALLEYE POLLOCK","GOBERGE DE L’ALASKA","urn:lsid:marinespecies.org:taxname:300735","15175.116330184001","8947.3200823616207","23010.444795335199","0.23435564439925199"
2007,108,3,"165219","235","BOTHROCARA BRUNNEUM","TWOLINE EELPOUT","LYCODE À DEUX LIGNES","urn:lsid:marinespecies.org:taxname:279397","2626.594323975","557.35518296249995","5194.3837938750003","0.46314250097471399"
2007,108,3,"165335","250","CORYPHAENOIDES CINEREUS","POPEYE","GRENADIER CENDRÉ","urn:lsid:marinespecies.org:taxname:272326","17047.833988837501","2900.2307316749998","39058.857610987499","0.60284340204156905"
2007,108,4,"165334","251","CORYPHAENOIDES ACROLEPIS","PACIFIC GRENADIER","GRENADIER À ÉCAILLES RUDES","urn:lsid:marinespecies.org:taxname:272313","15135.931941749999","1209.0320121375","40523.466377944897","0.75408602361447497"
2007,108,4,"165427","256","ALBATROSSIA PECTORALIS","GIANT GRENADIER","GRENADIER PECTORAL","urn:lsid:marinespecies.org:taxname:236135","27396.108062662501","6933.3485505750004","53111.57588145","0.44241170769659399"
2007,108,58,"166706","394","SEBASTES ALEUTIANUS/MELANOSTICTUS COMPLEX","ROUGHEYE/BLACKSPOTTED ROCKFISH COMPLEX","SÉBASTE","urn:lsid:marinespecies.org:taxname:126175","3628266.3234926602","1233299.83766999","7474503.3762694998","0.459963695937123"
2007,108,86,"166707","396","SEBASTES ALUTUS","PACIFIC OCEAN PERCH","SÉBASTE À LONGUE MÂCHOIRE","urn:lsid:marinespecies.org:taxname:254573","6978025.7157840896","4993268.5406074701","9637570.6717360709","0.17040235440659199"
2007,108,6,"166709","400","SEBASTES AURORA","AURORA ROCKFISH","SÉBASTE AURORE","urn:lsid:marinespecies.org:taxname:274774","9916.0342268884906","1109.77051237859","23124.1801599178","0.52959458194709197"
2007,108,74,"166710","401","SEBASTES BABCOCKI","REDBANDED ROCKFISH","SÉBASTE À BANDES ROUGES","urn:lsid:marinespecies.org:taxname:274775","68395.131675892393","47810.460422878699","97170.823316110793","0.18709750216306401"
2007,108,24,"166712","403","SEBASTES BOREALIS","SHORTRAKER ROCKFISH","SÉBASTE BORÉAL","urn:lsid:marinespecies.org:taxname:274777","325847.58289463702","111110.856204977","581940.29953203804","0.36722580484147599"
2007,108,60,"166711","405","SEBASTES BREVISPINIS","SILVERGRAY ROCKFISH","SÉBASTE ARGENTÉ","urn:lsid:marinespecies.org:taxname:274778","1158021.8768692301","678686.86054249399","1782324.7458149299","0.243524921782622"
2007,108,4,"644604","409","SEBASTES VARIABILIS","DUSKY ROCKFISH","SÉBASTE VARIABLE","urn:lsid:marinespecies.org:taxname:398442","1733.4638133149299","210.65109236740301","3705.7631986026799","0.51375161581024598"
2007,108,5,"166715","410","SEBASTES CRAMERI","DARKBLOTCHED ROCKFISH","SÉBASTE TACHETÉ","urn:lsid:marinespecies.org:taxname:274785","6401.4070526105197","500.75829112909099","16682.907080740799","0.68929318168709897"
2007,108,14,"166716","412","SEBASTES DIPLOPROA","SPLITNOSE ROCKFISH","GUEULE-DE-LOUP","urn:lsid:marinespecies.org:taxname:274787","39649.226576806199","3017.16559444006","83720.209849597901","0.51084852265763803"
2007,108,18,"166717","414","SEBASTES ELONGATUS","GREENSTRIPED ROCKFISH","SÉBASTE À RAYURES VERTES","urn:lsid:marinespecies.org:taxname:274788","13201.1679576556","4824.3358202625204","24957.392553662201","0.38970966607172602"
2007,108,22,"166719","417","SEBASTES ENTOMELAS","WIDOW ROCKFISH","VEUVE","urn:lsid:marinespecies.org:taxname:274791","30865.4795353833","15039.595509663501","52244.424461964103","0.30776630468385702"
2007,108,9,"166720","418","SEBASTES FLAVIDUS","YELLOWTAIL ROCKFISH","SÉBASTE À QUEUE JAUNE","urn:lsid:marinespecies.org:taxname:274795","21750.956716033801","2087.9779865988799","58199.774906679297","0.76935282337515198"
2007,108,67,"166723","421","SEBASTES HELVOMACULATUS","ROSETHORN ROCKFISH","SÉBASTE ROSACÉ","urn:lsid:marinespecies.org:taxname:274799","57556.039965248499","45514.680249489","70657.572696032701","0.111253466895346"
2007,108,9,"166733","435","SEBASTES PAUCISPINIS","BOCACCIO","BOCACCIO","urn:lsid:marinespecies.org:taxname:274833","7782.7394936446599","3007.2588116281599","13001.7868174061","0.33302642352784201"
2007,108,4,"166734","437","SEBASTES PINNIGER","CANARY ROCKFISH","SÉBASTE CANARI","urn:lsid:marinespecies.org:taxname:274836","9527.5797245185095","429.16844349964202","19114.351560158299","0.53674280231828597"
2007,108,33,"166736","439","SEBASTES PRORIGER","REDSTRIPE ROCKFISH","SÉBASTE À RAIE ROUGE","urn:lsid:marinespecies.org:taxname:274838","187900.481791078","41851.001297296498","393328.16376781702","0.492841586102575"
2007,108,20,"166737","440","SEBASTES REEDI","YELLOWMOUTH ROCKFISH","SÉBASTE À BOUCHE JAUNE","urn:lsid:marinespecies.org:taxname:274840","332111.65166115999","71953.176856157705","673063.50462646002","0.47401203270414499"
2007,108,29,"166742","446","SEBASTES VARIEGATUS","HARLEQUIN ROCKFISH","SÉBASTE ARLEQUIN","urn:lsid:marinespecies.org:taxname:274863","5172.9377912636301","1008.92404352345","12744.195992380901","0.66947952760409801"
2007,108,63,"166744","450","SEBASTES ZACENTRUS","SHARPCHIN ROCKFISH","SÉBASTE À MENTON POINTU","urn:lsid:marinespecies.org:taxname:274869","773578.44760132802","382049.22374784399","1284966.15912714","0.296320044052785"
2007,108,96,"166783","451","SEBASTOLOBUS ALASCANUS","SHORTSPINE THORNYHEAD","SÉBASTOLOBE À COURTES ÉPINES","urn:lsid:marinespecies.org:taxname:282740","1116776.974585","903204.18990617502","1360907.5620865601","0.103898765180806"
2007,108,10,"166784","453","SEBASTOLOBUS ALTIVELIS","LONGSPINE THORNYHEAD","SÉBASTOLOBE À LONGUES ÉPINES","urn:lsid:marinespecies.org:taxname:282741","62631.123757261899","24714.2608569884","112261.66624716","0.352034042754298"
2007,108,64,"167123","455","ANOPLOPOMA FIMBRIA","SABLEFISH","MORUE CHARBONNIÈRE","urn:lsid:marinespecies.org:taxname:159463","535482.52312322299","344261.92054742703","731810.76336094597","0.181705622640254"
2007,108,26,"167116","467","OPHIODON ELONGATUS","LINGCOD","MORUE-LINGUE","urn:lsid:marinespecies.org:taxname:240745","46141.6761763307","27816.066410392799","67758.962706659906","0.22138150842729301"
2007,108,101,"172862","602","ATHERESTHES STOMIAS","ARROWTOOTH FLOUNDER","PLIE À GRANDE BOUCHE","urn:lsid:marinespecies.org:taxname:279792","809624.13949921494","540864.02512346394","1170619.8095557301","0.197018307205338"
2007,108,4,"172866","605","EMBASSICHTHYS BATHYBIUS","DEEPSEA SOLE","PLIE DE PROFONDEUR","urn:lsid:marinespecies.org:taxname:280641","5213.9818374336401","1417.3228346625001","9382.8952929394309","0.412652746174961"
2007,108,9,"172868","607","EOPSETTA JORDANI","PETRALE SOLE","PLIE DE CALIFORNIE","urn:lsid:marinespecies.org:taxname:280690","3153.6390298792098","1056.1969218450699","5801.5382343230804","0.39855170423811698"
2007,108,100,"172978","610","GLYPTOCEPHALUS ZACHIRUS","REX SOLE","PLIE ROYALE","urn:lsid:marinespecies.org:taxname:274287","210449.490684544","160351.89820059299","270243.02694309602","0.132543604398804"
2007,108,27,"172932","614","HIPPOGLOSSUS STENOLEPIS","PACIFIC HALIBUT","FLÉTAN DU PACIFIQUE","urn:lsid:marinespecies.org:taxname:274290","44860.684155559902","26574.3713291317","65742.840876684597","0.22390808968485101"
2007,108,30,"172871","625","LYOPSETTA EXILIS","SLENDER SOLE","PLIE MINCE","urn:lsid:marinespecies.org:taxname:281452","1290.96864570968","743.02033934019198","1898.2257375761999","0.238876831555904"
2007,108,94,"172887","626","MICROSTOMUS PACIFICUS","DOVER SOLE","LIMANDE-SOLE","urn:lsid:marinespecies.org:taxname:274294","513396.26319313602","385177.82760764897","650980.36699872196","0.13189302137505801"
2007,108,9,"172921","628","PAROPHRYS VETULUS","ENGLISH SOLE","CARLOTTIN ANGLAIS","urn:lsid:marinespecies.org:taxname:254393","2453.73742003809","728.34126196756301","4781.7486038540601","0.42347280317903702"
2008,117,5,"159988","038","APRISTURUS BRUNNEUS","BROWN CAT SHARK","HOLBICHE BRUNE","urn:lsid:marinespecies.org:taxname:158512","2515.3047030671","528.27787141459703","4964.7833461501696","0.44045328415317703"
2008,117,6,"160617","044","SQUALUS SUCKLEYI","NORTH PACIFIC SPINY DOGFISH","AIGUILLAT DU PACIFIQUE","urn:lsid:marinespecies.org:taxname:299224","1574.2819177208","495.96676029617601","3020.8422726818399","0.41891638213508198"
2008,117,6,"160935","052","BATHYRAJA ALEUTICA","ALEUTIAN SKATE","RAIE ALÉUTIENNE","urn:lsid:marinespecies.org:taxname:271506","5525.6313404544298","1167.79688160303","10740.9897012656","0.45539028270458698"
2008,117,8,"160942","057","BATHYRAJA TRACHURA","ROUGHTAIL SKATE","RAIE À QUEUE RUDE","urn:lsid:marinespecies.org:taxname:271538","26660.317616095501","8425.7474805576094","52168.397932673601","0.42994192796862502"
2008,117,11,"160937","058","BATHYRAJA INTERRUPTA","SANDPAPER SKATE","RAIE RUGUEUSE","urn:lsid:marinespecies.org:taxname:271515","3377.7229024894","1426.83776027915","5852.77102122005","0.34309348926507"
2008,117,41,"160851","059","RAJA RHINA","LONGNOSE SKATE","POCHETEAU LONG-NEZ","urn:lsid:marinespecies.org:taxname:271581","73860.205559141497","46769.897293825503","105765.98497791099","0.199505982624404"
2008,117,75,"161015","066","HYDROLAGUS COLLIEI","SPOTTED RATFISH","CHIMÈRE D’AMÉRIQUE","urn:lsid:marinespecies.org:taxname:271406","76883.257544448905","49316.338749957198","108738.616722652","0.20017079396541301"
2008,117,5,"161976","112","ONCORHYNCHUS KETA","CHUM SALMON","SAUMON KÉTA","urn:lsid:marinespecies.org:taxname:127183","2346.554645192","493.06937756320002","4782.3803700387398","0.45606270076604599"
2008,117,15,"164673","220","ANTIMORA MICROLEPIS","PACIFIC FLATNOSE","ANTIMORE À PETITES ÉCAILLES","urn:lsid:marinespecies.org:taxname:272460","54002.368978256898","15163.591034536301","113642.894528385","0.48343416158356101"
2008,117,19,"164711","222","GADUS MACROCEPHALUS","PACIFIC COD","MORUE DU PACIFIQUE","urn:lsid:marinespecies.org:taxname:254538","11688.835295354","5709.2037071145896","18323.189993673601","0.27845638332503198"
2008,117,70,"164792","225","MERLUCCIUS PRODUCTUS","PACIFIC HAKE","MERLU DU PACIFIQUE","urn:lsid:marinespecies.org:taxname:272458","728166.30964804604","473545.35801344202","1025568.20922125","0.194282619888651"
2008,117,39,"934083","228","GADUS CHALCOGRAMMUS","WALLEYE POLLOCK","GOBERGE DE L’ALASKA","urn:lsid:marinespecies.org:taxname:300735","32559.006842565901","19612.4268087327","49269.997133190103","0.23647876073521901"
2008,117,11,"165219","235","BOTHROCARA BRUNNEUM","TWOLINE EELPOUT","LYCODE À DEUX LIGNES","urn:lsid:marinespecies.org:taxname:279397","7466.0035687065001","3261.7761614843198","13096.1101773459","0.33843276927795102"
2008,117,13,"165335","250","CORYPHAENOIDES CINEREUS","POPEYE","GRENADIER CENDRÉ","urn:lsid:marinespecies.org:taxname:272326","212527.931611387","132393.526793564","304849.75592752901","0.20682591921297699"
2008,117,14,"165334","251","CORYPHAENOIDES ACROLEPIS","PACIFIC GRENADIER","GRENADIER À ÉCAILLES RUDES","urn:lsid:marinespecies.org:taxname:272313","606909.73933703697","244477.14402280701","1023211.80479277","0.34866741521077999"
2008,117,18,"165427","256","ALBATROSSIA PECTORALIS","GIANT GRENADIER","GRENADIER PECTORAL","urn:lsid:marinespecies.org:taxname:236135","358174.709714672","228577.27143979201","491247.14945518703","0.18479112637513501"
2008,117,57,"166706","394","SEBASTES ALEUTIANUS/MELANOSTICTUS COMPLEX","ROUGHEYE/BLACKSPOTTED ROCKFISH COMPLEX","SÉBASTE","urn:lsid:marinespecies.org:taxname:126175","5266166.03723724","1995290.8451547399","10368165.5251962","0.42532921591174799"
2008,117,90,"166707","396","SEBASTES ALUTUS","PACIFIC OCEAN PERCH","SÉBASTE À LONGUE MÂCHOIRE","urn:lsid:marinespecies.org:taxname:254573","7045834.7184126601","4297669.5754045798","10211767.3391617","0.21962849454966399"
2008,117,5,"166709","400","SEBASTES AURORA","AURORA ROCKFISH","SÉBASTE AURORE","urn:lsid:marinespecies.org:taxname:274774","17784.829908814401","2635.3660981819398","37768.562926586099","0.486809566113377"
2008,117,72,"166710","401","SEBASTES BABCOCKI","REDBANDED ROCKFISH","SÉBASTE À BANDES ROUGES","urn:lsid:marinespecies.org:taxname:274775","81871.363203137502","53350.365464364499","115801.80366115501","0.193357742863244"
2008,117,23,"166712","403","SEBASTES BOREALIS","SHORTRAKER ROCKFISH","SÉBASTE BORÉAL","urn:lsid:marinespecies.org:taxname:274777","299185.72903245001","92909.510965384703","608227.42176762898","0.46311325796644098"
2008,117,70,"166711","405","SEBASTES BREVISPINIS","SILVERGRAY ROCKFISH","SÉBASTE ARGENTÉ","urn:lsid:marinespecies.org:taxname:274778","1013078.0605636199","570064.38448193797","1599195.49014465","0.26775471223449598"
2008,117,5,"644604","409","SEBASTES VARIABILIS","DUSKY ROCKFISH","SÉBASTE VARIABLE","urn:lsid:marinespecies.org:taxname:398442","2887.6264393104002","210.848857242734","7477.8478263178204","0.65488317259348605"
2008,117,13,"166715","410","SEBASTES CRAMERI","DARKBLOTCHED ROCKFISH","SÉBASTE TACHETÉ","urn:lsid:marinespecies.org:taxname:274785","81204.442088035299","10539.648243662399","179599.59269177099","0.52981958218861702"
2008,117,18,"166716","412","SEBASTES DIPLOPROA","SPLITNOSE ROCKFISH","GUEULE-DE-LOUP","urn:lsid:marinespecies.org:taxname:274787","5048.1636362896597","1487.38749526518","10143.826311316299","0.444150308961134"
2008,117,25,"166717","414","SEBASTES ELONGATUS","GREENSTRIPED ROCKFISH","SÉBASTE À RAYURES VERTES","urn:lsid:marinespecies.org:taxname:274788","16530.287523464402","7322.3577673686204","28373.346519463499","0.352233518284506"
2008,117,24,"166719","417","SEBASTES ENTOMELAS","WIDOW ROCKFISH","VEUVE","urn:lsid:marinespecies.org:taxname:274791","88089.959768286397","12798.5260435896","198576.75618908601","0.55891147722061996"
2008,117,6,"166720","418","SEBASTES FLAVIDUS","YELLOWTAIL ROCKFISH","SÉBASTE À QUEUE JAUNE","urn:lsid:marinespecies.org:taxname:274795","4000.9167675404001","809.87910220799995","8843.3850576048299","0.51366666963692198"
2008,117,68,"166723","421","SEBASTES HELVOMACULATUS","ROSETHORN ROCKFISH","SÉBASTE ROSACÉ","urn:lsid:marinespecies.org:taxname:274799","70826.321579596406","47800.738512338197","97716.527065891001","0.17621741894189599"
2008,117,11,"166733","435","SEBASTES PAUCISPINIS","BOCACCIO","BOCACCIO","urn:lsid:marinespecies.org:taxname:274833","8449.2349832955006","3696.7117517527499","13923.890998368801","0.30557098925144099"
2008,117,7,"166734","437","SEBASTES PINNIGER","CANARY ROCKFISH","SÉBASTE CANARI","urn:lsid:marinespecies.org:taxname:274836","2404.7572294875999","665.09906922999699","4311.4087859131296","0.40701801111763403"
2008,117,38,"166736","439","SEBASTES PRORIGER","REDSTRIPE ROCKFISH","SÉBASTE À RAIE ROUGE","urn:lsid:marinespecies.org:taxname:274838","433191.10443273699","90080.362244812495","849059.99269808095","0.46602404237642903"
2008,117,25,"166737","440","SEBASTES REEDI","YELLOWMOUTH ROCKFISH","SÉBASTE À BOUCHE JAUNE","urn:lsid:marinespecies.org:taxname:274840","223811.80824341701","41153.362504967401","526355.921470728","0.54660675992040497"
2008,117,43,"166742","446","SEBASTES VARIEGATUS","HARLEQUIN ROCKFISH","SÉBASTE ARLEQUIN","urn:lsid:marinespecies.org:taxname:274863","14666.045430001899","2458.6015020977302","31412.694632529001","0.53409620023556303"
2008,117,67,"166744","450","SEBASTES ZACENTRUS","SHARPCHIN ROCKFISH","SÉBASTE À MENTON POINTU","urn:lsid:marinespecies.org:taxname:274869","1337960.0413915201","405246.61410019599","2675301.83584574","0.45409519385996899"
2008,117,104,"166783","451","SEBASTOLOBUS ALASCANUS","SHORTSPINE THORNYHEAD","SÉBASTOLOBE À COURTES ÉPINES","urn:lsid:marinespecies.org:taxname:282740","1028052.16547499","841147.36836060905","1241966.46682959","9.6214308143329694E-2"
2008,117,17,"166784","453","SEBASTOLOBUS ALTIVELIS","LONGSPINE THORNYHEAD","SÉBASTOLOBE À LONGUES ÉPINES","urn:lsid:marinespecies.org:taxname:282741","264164.334673843","183778.280849273","333542.078867345","0.146846136880737"
2008,117,73,"167123","455","ANOPLOPOMA FIMBRIA","SABLEFISH","MORUE CHARBONNIÈRE","urn:lsid:marinespecies.org:taxname:159463","1332836.96554321","956214.02561195998","1748811.88180412","0.150838759227895"
2008,117,22,"167116","467","OPHIODON ELONGATUS","LINGCOD","MORUE-LINGUE","urn:lsid:marinespecies.org:taxname:240745","47087.744424758799","19167.5095232899","91675.293340425298","0.38447063006327198"
2008,117,103,"172862","602","ATHERESTHES STOMIAS","ARROWTOOTH FLOUNDER","PLIE À GRANDE BOUCHE","urn:lsid:marinespecies.org:taxname:279792","986573.31583471003","648853.16318375","1414603.4422458201","0.18962596042326299"
2008,117,10,"172866","605","EMBASSICHTHYS BATHYBIUS","DEEPSEA SOLE","PLIE DE PROFONDEUR","urn:lsid:marinespecies.org:taxname:280641","4149.7055772200601","1822.57587288534","6752.5036790486602","0.30383370951162297"
2008,117,17,"172868","607","EOPSETTA JORDANI","PETRALE SOLE","PLIE DE CALIFORNIE","urn:lsid:marinespecies.org:taxname:280690","6904.8688363756","1817.5254667408001","15274.300643753901","0.55358971330536"
2008,117,99,"172978","610","GLYPTOCEPHALUS ZACHIRUS","REX SOLE","PLIE ROYALE","urn:lsid:marinespecies.org:taxname:274287","157071.639253164","117912.02898165199","201446.74637957901","0.13086273374449101"
2008,117,24,"172932","614","HIPPOGLOSSUS STENOLEPIS","PACIFIC HALIBUT","FLÉTAN DU PACIFIQUE","urn:lsid:marinespecies.org:taxname:274290","37622.952440155503","18406.1866939176","61404.218017932202","0.29924906200867502"
2008,117,36,"172871","625","LYOPSETTA EXILIS","SLENDER SOLE","PLIE MINCE","urn:lsid:marinespecies.org:taxname:281452","1262.6660600334501","781.99108016515902","1793.7746527899201","0.20811761320729399"
2008,117,100,"172887","626","MICROSTOMUS PACIFICUS","DOVER SOLE","LIMANDE-SOLE","urn:lsid:marinespecies.org:taxname:274294","423389.06595658098","315713.624491664","541418.53117357404","0.13820975619676201"
2008,117,18,"172921","628","PAROPHRYS VETULUS","ENGLISH SOLE","CARLOTTIN ANGLAIS","urn:lsid:marinespecies.org:taxname:254393","4144.0528362072","1375.1349596892101","7754.4798153444199","0.39112302639628499"
2010,126,3,"159988","038","APRISTURUS BRUNNEUS","BROWN CAT SHARK","HOLBICHE BRUNE","urn:lsid:marinespecies.org:taxname:158512","1255.67321117136","0.0","3321.69357599567","0.71729687482494198"
2010,126,27,"160617","044","SQUALUS SUCKLEYI","NORTH PACIFIC SPINY DOGFISH","AIGUILLAT DU PACIFIQUE","urn:lsid:marinespecies.org:taxname:299224","6991.4874470790701","4126.5124813726297","10411.794391875699","0.22948612941259999"
2010,126,9,"160935","052","BATHYRAJA ALEUTICA","ALEUTIAN SKATE","RAIE ALÉUTIENNE","urn:lsid:marinespecies.org:taxname:271506","9574.6276151863203","2145.9180749593102","20282.8504991187","0.50485826543494905"
2010,126,3,"160942","057","BATHYRAJA TRACHURA","ROUGHTAIL SKATE","RAIE À QUEUE RUDE","urn:lsid:marinespecies.org:taxname:271538","6251.2027471199999","544.54203249600005","14166.699701015999","0.60442747166768995"
2010,126,18,"160937","058","BATHYRAJA INTERRUPTA","SANDPAPER SKATE","RAIE RUGUEUSE","urn:lsid:marinespecies.org:taxname:271515","11552.9272137386","4999.3971210499603","19844.449887475399","0.32835962250748002"
2010,126,33,"160851","059","RAJA RHINA","LONGNOSE SKATE","POCHETEAU LONG-NEZ","urn:lsid:marinespecies.org:taxname:271581","43676.623416605697","29485.740073352401","58963.3502920514","0.172503634147091"
2010,126,57,"161015","066","HYDROLAGUS COLLIEI","SPOTTED RATFISH","CHIMÈRE D’AMÉRIQUE","urn:lsid:marinespecies.org:taxname:271406","23677.398963603599","14420.3906614917","34444.690974187302","0.22079666714526"
2010,126,5,"161976","112","ONCORHYNCHUS KETA","CHUM SALMON","SAUMON KÉTA","urn:lsid:marinespecies.org:taxname:127183","1801.5339970067701","383.70370370370398","3653.6393754534101","0.45993219385748202"
2010,126,4,"164673","220","ANTIMORA MICROLEPIS","PACIFIC FLATNOSE","ANTIMORE À PETITES ÉCAILLES","urn:lsid:marinespecies.org:taxname:272460","5701.7708393105504","31.730921836363599","16262.093707055499","0.84030707167894803"
2010,126,27,"164711","222","GADUS MACROCEPHALUS","PACIFIC COD","MORUE DU PACIFIQUE","urn:lsid:marinespecies.org:taxname:254538","20855.896575580198","7370.9026020655001","45070.112364734203","0.48507938052252703"
2010,126,76,"164792","225","MERLUCCIUS PRODUCTUS","PACIFIC HAKE","MERLU DU PACIFIQUE","urn:lsid:marinespecies.org:taxname:272458","442192.52185068501","259630.343351977","679304.54658975895","0.24626285331348"
2010,126,65,"934083","228","GADUS CHALCOGRAMMUS","WALLEYE POLLOCK","GOBERGE DE L’ALASKA","urn:lsid:marinespecies.org:taxname:300735","36374.222319163702","23146.761017391898","50617.317844525896","0.189986227456899"
2010,126,1,"165219","235","BOTHROCARA BRUNNEUM","TWOLINE EELPOUT","LYCODE À DEUX LIGNES","urn:lsid:marinespecies.org:taxname:279397","963.94585187999996","0.0","2891.8375556400001","0.91828474613972899"
2010,126,8,"165335","250","CORYPHAENOIDES CINEREUS","POPEYE","GRENADIER CENDRÉ","urn:lsid:marinespecies.org:taxname:272326","28320.405533172001","12481.3838231272","48405.412810794602","0.330476300851266"
2010,126,11,"165334","251","CORYPHAENOIDES ACROLEPIS","PACIFIC GRENADIER","GRENADIER À ÉCAILLES RUDES","urn:lsid:marinespecies.org:taxname:272313","349544.62978361698","43296.687823648201","929287.97041974496","0.72170546323832696"
2010,126,12,"165427","256","ALBATROSSIA PECTORALIS","GIANT GRENADIER","GRENADIER PECTORAL","urn:lsid:marinespecies.org:taxname:236135","164487.31458451401","94806.439009314403","245321.48117274599","0.24223345779436201"
2010,126,56,"166706","394","SEBASTES ALEUTIANUS/MELANOSTICTUS COMPLEX","ROUGHEYE/BLACKSPOTTED ROCKFISH COMPLEX","SÉBASTE","urn:lsid:marinespecies.org:taxname:126175","1118999.73669917","469075.20028711198","2006647.7606011899","0.33853744875610198"
2010,126,93,"166707","396","SEBASTES ALUTUS","PACIFIC OCEAN PERCH","SÉBASTE À LONGUE MÂCHOIRE","urn:lsid:marinespecies.org:taxname:254573","3569343.91147022","2704138.6083517401","4606111.0365102403","0.13915920957893799"
2010,126,6,"166709","400","SEBASTES AURORA","AURORA ROCKFISH","SÉBASTE AURORE","urn:lsid:marinespecies.org:taxname:274774","2751.0249903584699","509.69591700375503","6318.8945598637001","0.51148659976974997"
2010,126,81,"166710","401","SEBASTES BABCOCKI","REDBANDED ROCKFISH","SÉBASTE À BANDES ROUGES","urn:lsid:marinespecies.org:taxname:274775","88656.019279569693","65217.134766453601","119090.593075913","0.15791071870262"
2010,126,24,"166712","403","SEBASTES BOREALIS","SHORTRAKER ROCKFISH","SÉBASTE BORÉAL","urn:lsid:marinespecies.org:taxname:274777","220917.16651293699","97219.270567171494","378389.51286803302","0.31902781143159797"
2010,126,82,"166711","405","SEBASTES BREVISPINIS","SILVERGRAY ROCKFISH","SÉBASTE ARGENTÉ","urn:lsid:marinespecies.org:taxname:274778","526804.78648019105","281844.15221926302","857115.24792265205","0.28490124779896198"
2010,126,1,"644604","409","SEBASTES VARIABILIS","DUSKY ROCKFISH","SÉBASTE VARIABLE","urn:lsid:marinespecies.org:taxname:398442","251.00617283950601","0.0","753.01851851851802","0.95502638994093203"
2010,126,8,"166715","410","SEBASTES CRAMERI","DARKBLOTCHED ROCKFISH","SÉBASTE TACHETÉ","urn:lsid:marinespecies.org:taxname:274785","3500.7115302402999","665.95662774118","8057.2326775452302","0.53305940764080695"
2010,126,14,"166716","412","SEBASTES DIPLOPROA","SPLITNOSE ROCKFISH","GUEULE-DE-LOUP","urn:lsid:marinespecies.org:taxname:274787","62112.474917742104","19959.570348805999","114140.346308548","0.39923564012553098"
2010,126,23,"166717","414","SEBASTES ELONGATUS","GREENSTRIPED ROCKFISH","SÉBASTE À RAYURES VERTES","urn:lsid:marinespecies.org:taxname:274788","14490.089898549701","5573.6907098395304","25332.6566841983","0.36439248534482399"
2010,126,19,"166719","417","SEBASTES ENTOMELAS","WIDOW ROCKFISH","VEUVE","urn:lsid:marinespecies.org:taxname:274791","18188.5598446482","4678.7463907761603","41247.113918255403","0.52334005196042799"
2010,126,12,"166720","418","SEBASTES FLAVIDUS","YELLOWTAIL ROCKFISH","SÉBASTE À QUEUE JAUNE","urn:lsid:marinespecies.org:taxname:274795","10333.519891481499","3109.2275489057001","19187.996859193299","0.398921248199121"
2010,126,75,"166723","421","SEBASTES HELVOMACULATUS","ROSETHORN ROCKFISH","SÉBASTE ROSACÉ","urn:lsid:marinespecies.org:taxname:274799","54232.370363806702","42323.021218055597","69149.091329200804","0.123838535838296"
2010,126,9,"166733","435","SEBASTES PAUCISPINIS","BOCACCIO","BOCACCIO","urn:lsid:marinespecies.org:taxname:274833","6599.0837219741597","2532.45678808806","11988.1964550227","0.345313128882341"
2010,126,5,"166734","437","SEBASTES PINNIGER","CANARY ROCKFISH","SÉBASTE CANARI","urn:lsid:marinespecies.org:taxname:274836","12025.862459923699","345.084483959012","32362.585025782999","0.75677798680333697"
2010,126,46,"166736","439","SEBASTES PRORIGER","REDSTRIPE ROCKFISH","SÉBASTE À RAIE ROUGE","urn:lsid:marinespecies.org:taxname:274838","264085.77686857799","102414.591867895","477256.71821017202","0.35162224492635102"
2010,126,21,"166737","440","SEBASTES REEDI","YELLOWMOUTH ROCKFISH","SÉBASTE À BOUCHE JAUNE","urn:lsid:marinespecies.org:taxname:274840","39579.427862217497","12278.394150534399","76233.606745083496","0.40702593628500999"
2010,126,25,"166742","446","SEBASTES VARIEGATUS","HARLEQUIN ROCKFISH","SÉBASTE ARLEQUIN","urn:lsid:marinespecies.org:taxname:274863","41345.171454019597","2608.4963532905099","109879.165126002","0.64530541622840498"
2010,126,69,"166744","450","SEBASTES ZACENTRUS","SHARPCHIN ROCKFISH","SÉBASTE À MENTON POINTU","urn:lsid:marinespecies.org:taxname:274869","849620.65259652503","503262.92972408701","1256418.07499429","0.232188499315297"
2010,126,118,"166783","451","SEBASTOLOBUS ALASCANUS","SHORTSPINE THORNYHEAD","SÉBASTOLOBE À COURTES ÉPINES","urn:lsid:marinespecies.org:taxname:282740","964633.67562604405","767754.54478480795","1204388.1393148899","0.115650122698137"
2010,126,21,"166784","453","SEBASTOLOBUS ALTIVELIS","LONGSPINE THORNYHEAD","SÉBASTOLOBE À LONGUES ÉPINES","urn:lsid:marinespecies.org:taxname:282741","421115.57323161903","275442.40969379601","590987.379158961","0.189137087190068"
2010,126,80,"167123","455","ANOPLOPOMA FIMBRIA","SABLEFISH","MORUE CHARBONNIÈRE","urn:lsid:marinespecies.org:taxname:159463","1031565.06590613","673803.33516766201","1519911.7926223299","0.210389802910289"
2010,126,18,"167116","467","OPHIODON ELONGATUS","LINGCOD","MORUE-LINGUE","urn:lsid:marinespecies.org:taxname:240745","23156.098749672299","9328.4694147137598","42821.719494905898","0.38789096513794102"
2010,126,114,"172862","602","ATHERESTHES STOMIAS","ARROWTOOTH FLOUNDER","PLIE À GRANDE BOUCHE","urn:lsid:marinespecies.org:taxname:279792","587978.84374102298","369812.501458482","911323.62201428995","0.23977373600951299"
2010,126,1,"172866","605","EMBASSICHTHYS BATHYBIUS","DEEPSEA SOLE","PLIE DE PROFONDEUR","urn:lsid:marinespecies.org:taxname:280641","577.34604106363599","0.0","1732.03812319091","0.97471994810562501"
2010,126,8,"172868","607","EOPSETTA JORDANI","PETRALE SOLE","PLIE DE CALIFORNIE","urn:lsid:marinespecies.org:taxname:280690","5640.9354631674096","269.45421100690601","15953.0156387017","0.91225031859679695"
2010,126,103,"172978","610","GLYPTOCEPHALUS ZACHIRUS","REX SOLE","PLIE ROYALE","urn:lsid:marinespecies.org:taxname:274287","89488.928197692498","68616.641997335406","116262.332314176","0.13542790423055401"
2010,126,20,"172932","614","HIPPOGLOSSUS STENOLEPIS","PACIFIC HALIBUT","FLÉTAN DU PACIFIQUE","urn:lsid:marinespecies.org:taxname:274290","22099.344901988999","9945.6392510138594","36961.853727211303","0.31969292550791401"
2010,126,57,"172871","625","LYOPSETTA EXILIS","SLENDER SOLE","PLIE MINCE","urn:lsid:marinespecies.org:taxname:281452","2696.6404034563898","1678.70737712146","3894.00310224021","0.21390846404924899"
2010,126,102,"172887","626","MICROSTOMUS PACIFICUS","DOVER SOLE","LIMANDE-SOLE","urn:lsid:marinespecies.org:taxname:274294","297083.61764375202","213419.142170117","399834.71698041499","0.158888818313529"
2010,126,13,"172921","628","PAROPHRYS VETULUS","ENGLISH SOLE","CARLOTTIN ANGLAIS","urn:lsid:marinespecies.org:taxname:254393","2146.4691068019602","778.87176503758099","4086.2251355009998","0.39415311186003599"
2012,128,1,"159988","038","APRISTURUS BRUNNEUS","BROWN CAT SHARK","HOLBICHE BRUNE","urn:lsid:marinespecies.org:taxname:158512","154.52538633","0.0","463.57615899000001","0.97943745882150601"
2012,128,20,"160617","044","SQUALUS SUCKLEYI","NORTH PACIFIC SPINY DOGFISH","AIGUILLAT DU PACIFIQUE","urn:lsid:marinespecies.org:taxname:299224","6458.6597337067897","3226.5793939066102","11333.2034898559","0.316152627623146"
2012,128,6,"160935","052","BATHYRAJA ALEUTICA","ALEUTIAN SKATE","RAIE ALÉUTIENNE","urn:lsid:marinespecies.org:taxname:271506","10663.239563773301","1530.2056116323099","23346.556735216302","0.51670341535619402"
2012,128,14,"160942","057","BATHYRAJA TRACHURA","ROUGHTAIL SKATE","RAIE À QUEUE RUDE","urn:lsid:marinespecies.org:taxname:271538","35592.431707530501","17488.926322473901","58293.350723005897","0.290819708343866"
2012,128,13,"160937","058","BATHYRAJA INTERRUPTA","SANDPAPER SKATE","RAIE RUGUEUSE","urn:lsid:marinespecies.org:taxname:271515","3741.2970563389899","1844.4983569353301","5844.3303994767803","0.27593976472069998"
2012,128,30,"160851","059","RAJA RHINA","LONGNOSE SKATE","POCHETEAU LONG-NEZ","urn:lsid:marinespecies.org:taxname:271581","52242.409366738597","29772.761680609601","76926.1482585747","0.24072294502740199"
2012,128,53,"161015","066","HYDROLAGUS COLLIEI","SPOTTED RATFISH","CHIMÈRE D’AMÉRIQUE","urn:lsid:marinespecies.org:taxname:271406","27955.562761028101","14575.6672939743","48598.147641743097","0.31370769818229099"
2012,128,11,"161976","112","ONCORHYNCHUS KETA","CHUM SALMON","SAUMON KÉTA","urn:lsid:marinespecies.org:taxname:127183","7141.0916386238796","3311.6767755916899","11943.526363024899","0.30780188008961101"
2012,128,16,"164673","220","ANTIMORA MICROLEPIS","PACIFIC FLATNOSE","ANTIMORE À PETITES ÉCAILLES","urn:lsid:marinespecies.org:taxname:272460","32852.215995359998","13759.741026539101","54513.553600276697","0.31998913068854601"
2012,128,33,"164711","222","GADUS MACROCEPHALUS","PACIFIC COD","MORUE DU PACIFIQUE","urn:lsid:marinespecies.org:taxname:254538","38527.934853540901","17500.024061177701","62898.2727953555","0.30206560729101101"
2012,128,47,"164792","225","MERLUCCIUS PRODUCTUS","PACIFIC HAKE","MERLU DU PACIFIQUE","urn:lsid:marinespecies.org:taxname:272458","360536.76017653401","203743.46110993999","558934.77855918498","0.26080223892082199"
2012,128,67,"934083","228","GADUS CHALCOGRAMMUS","WALLEYE POLLOCK","GOBERGE DE L’ALASKA","urn:lsid:marinespecies.org:taxname:300735","62734.758372692799","38991.151648134699","92631.853841433302","0.21739480515182399"
2012,128,6,"165219","235","BOTHROCARA BRUNNEUM","TWOLINE EELPOUT","LYCODE À DEUX LIGNES","urn:lsid:marinespecies.org:taxname:279397","5643.8026763335001","1402.8885314466399","12110.7505884602","0.49287493732569598"
2012,128,21,"165335","250","CORYPHAENOIDES CINEREUS","POPEYE","GRENADIER CENDRÉ","urn:lsid:marinespecies.org:taxname:272326","140172.653492538","77008.092232455194","219509.52511155201","0.26100456707578501"
2012,128,22,"165334","251","CORYPHAENOIDES ACROLEPIS","PACIFIC GRENADIER","GRENADIER À ÉCAILLES RUDES","urn:lsid:marinespecies.org:taxname:272313","451672.83549412503","323256.79310361203","584132.95776807202","0.14771149088008201"
2012,128,21,"165427","256","ALBATROSSIA PECTORALIS","GIANT GRENADIER","GRENADIER PECTORAL","urn:lsid:marinespecies.org:taxname:236135","310782.41009076498","196895.89013533201","448003.92958579399","0.21359342570762699"
2012,128,65,"166706","394","SEBASTES ALEUTIANUS/MELANOSTICTUS COMPLEX","ROUGHEYE/BLACKSPOTTED ROCKFISH COMPLEX","SÉBASTE","urn:lsid:marinespecies.org:taxname:126175","3606567.6836873698","1691586.52777829","5988745.9665059","0.29539818754776598"
2012,128,85,"166707","396","SEBASTES ALUTUS","PACIFIC OCEAN PERCH","SÉBASTE À LONGUE MÂCHOIRE","urn:lsid:marinespecies.org:taxname:254573","6528130.9139692504","4745289.9568862701","8747053.9525381997","0.15867241047660099"
2012,128,6,"166709","400","SEBASTES AURORA","AURORA ROCKFISH","SÉBASTE AURORE","urn:lsid:marinespecies.org:taxname:274774","4597.8657353449998","799.27952020784596","9252.1143691681209","0.51027419212365599"
2012,128,82,"166710","401","SEBASTES BABCOCKI","REDBANDED ROCKFISH","SÉBASTE À BANDES ROUGES","urn:lsid:marinespecies.org:taxname:274775","74853.389330931401","50125.332577722103","106051.84112296","0.18987812292105399"
2012,128,21,"166712","403","SEBASTES BOREALIS","SHORTRAKER ROCKFISH","SÉBASTE BORÉAL","urn:lsid:marinespecies.org:taxname:274777","228799.02128931499","72808.623643849001","478944.24758196302","0.44184409578246597"
2012,128,75,"166711","405","SEBASTES BREVISPINIS","SILVERGRAY ROCKFISH","SÉBASTE ARGENTÉ","urn:lsid:marinespecies.org:taxname:274778","1262947.35172706","765177.23860065895","1874892.04239469","0.225824593909416"
2012,128,9,"644604","409","SEBASTES VARIABILIS","DUSKY ROCKFISH","SÉBASTE VARIABLE","urn:lsid:marinespecies.org:taxname:398442","15444.4268277152","708.72994904712095","55763.684513033899","0.94911410597100598"
2012,128,6,"166715","410","SEBASTES CRAMERI","DARKBLOTCHED ROCKFISH","SÉBASTE TACHETÉ","urn:lsid:marinespecies.org:taxname:274785","7566.3776561659097","526.19689385610695","17200.628952547599","0.58839001194897"
2012,128,16,"166716","412","SEBASTES DIPLOPROA","SPLITNOSE ROCKFISH","GUEULE-DE-LOUP","urn:lsid:marinespecies.org:taxname:274787","139055.242534844","2392.1859398648999","349485.66479845002","0.64055404548155404"
2012,128,25,"166717","414","SEBASTES ELONGATUS","GREENSTRIPED ROCKFISH","SÉBASTE À RAYURES VERTES","urn:lsid:marinespecies.org:taxname:274788","13940.8789126511","6541.7384261289199","23467.729437867802","0.29922838158104598"
2012,128,21,"166719","417","SEBASTES ENTOMELAS","WIDOW ROCKFISH","VEUVE","urn:lsid:marinespecies.org:taxname:274791","104541.259618082","25506.571270975601","217044.95309643701","0.48541632317860101"
2012,128,13,"166720","418","SEBASTES FLAVIDUS","YELLOWTAIL ROCKFISH","SÉBASTE À QUEUE JAUNE","urn:lsid:marinespecies.org:taxname:274795","13654.6152316019","2533.8701973716202","28957.968313564499","0.51670863854085503"
2012,128,75,"166723","421","SEBASTES HELVOMACULATUS","ROSETHORN ROCKFISH","SÉBASTE ROSACÉ","urn:lsid:marinespecies.org:taxname:274799","60742.020019261799","43874.843773374399","81579.593851103302","0.155347270941919"
2012,128,8,"166733","435","SEBASTES PAUCISPINIS","BOCACCIO","BOCACCIO","urn:lsid:marinespecies.org:taxname:274833","7879.5396260075604","2637.1607594540001","14384.119978302801","0.36471335294213097"
2012,128,12,"166734","437","SEBASTES PINNIGER","CANARY ROCKFISH","SÉBASTE CANARI","urn:lsid:marinespecies.org:taxname:274836","36290.392197270798","11523.590411335201","68627.746477897905","0.421096625923707"
2012,128,39,"166736","439","SEBASTES PRORIGER","REDSTRIPE ROCKFISH","SÉBASTE À RAIE ROUGE","urn:lsid:marinespecies.org:taxname:274838","625813.21413300803","183857.14036874901","1392361.4857600401","0.48390223117610398"
2012,128,24,"166737","440","SEBASTES REEDI","YELLOWMOUTH ROCKFISH","SÉBASTE À BOUCHE JAUNE","urn:lsid:marinespecies.org:taxname:274840","1002967.68476259","371917.71905087802","1759052.98789457","0.35002130714996399"
2012,128,37,"166742","446","SEBASTES VARIEGATUS","HARLEQUIN ROCKFISH","SÉBASTE ARLEQUIN","urn:lsid:marinespecies.org:taxname:274863","39455.639778212601","9606.7582003167809","80027.615764558694","0.47553067196597298"
2012,128,67,"166744","450","SEBASTES ZACENTRUS","SHARPCHIN ROCKFISH","SÉBASTE À MENTON POINTU","urn:lsid:marinespecies.org:taxname:274869","1422942.1778025599","534636.12638914003","2715564.9278270099","0.39993140324535698"
2012,128,114,"166783","451","SEBASTOLOBUS ALASCANUS","SHORTSPINE THORNYHEAD","SÉBASTOLOBE À COURTES ÉPINES","urn:lsid:marinespecies.org:taxname:282740","939282.08844995406","784843.48973615502","1109421.0855264601","9.0277544250084996E-2"
2012,128,25,"166784","453","SEBASTOLOBUS ALTIVELIS","LONGSPINE THORNYHEAD","SÉBASTOLOBE À LONGUES ÉPINES","urn:lsid:marinespecies.org:taxname:282741","277342.18782433798","199539.12129570299","363128.54610043502","0.146419848200497"
2012,128,68,"167123","455","ANOPLOPOMA FIMBRIA","SABLEFISH","MORUE CHARBONNIÈRE","urn:lsid:marinespecies.org:taxname:159463","1084859.7114564001","706568.55815436004","1546407.61750956","0.19168883737122999"
2012,128,23,"167116","467","OPHIODON ELONGATUS","LINGCOD","MORUE-LINGUE","urn:lsid:marinespecies.org:taxname:240745","29616.192284188201","17060.282209189401","44965.381546301003","0.23124320982743499"
2012,128,103,"172862","602","ATHERESTHES STOMIAS","ARROWTOOTH FLOUNDER","PLIE À GRANDE BOUCHE","urn:lsid:marinespecies.org:taxname:279792","399065.41247070802","267759.18046695198","562655.47659065295","0.18747300755419299"
2012,128,4,"172866","605","EMBASSICHTHYS BATHYBIUS","DEEPSEA SOLE","PLIE DE PROFONDEUR","urn:lsid:marinespecies.org:taxname:280641","2389.7816503489998","225.6076564","5336.8817369253202","0.56357307498477005"
2012,128,17,"172868","607","EOPSETTA JORDANI","PETRALE SOLE","PLIE DE CALIFORNIE","urn:lsid:marinespecies.org:taxname:280690","10388.0182188608","1613.86236061258","26327.558253621599","0.73960091345708101"
2012,128,98,"172978","610","GLYPTOCEPHALUS ZACHIRUS","REX SOLE","PLIE ROYALE","urn:lsid:marinespecies.org:taxname:274287","107819.009988091","77461.690604129297","142361.944321727","0.155759761612808"
2012,128,45,"172932","614","HIPPOGLOSSUS STENOLEPIS","PACIFIC HALIBUT","FLÉTAN DU PACIFIQUE","urn:lsid:marinespecies.org:taxname:274290","99553.449048407594","58225.621540041","149174.201637677","0.23649697073963699"
2012,128,27,"172871","625","LYOPSETTA EXILIS","SLENDER SOLE","PLIE MINCE","urn:lsid:marinespecies.org:taxname:281452","757.72718884949302","408.23618063172802","1230.07370229719","0.273914522653739"
2012,128,91,"172887","626","MICROSTOMUS PACIFICUS","DOVER SOLE","LIMANDE-SOLE","urn:lsid:marinespecies.org:taxname:274294","179291.36097664601","131209.40529818801","236102.7592501","0.152121878299492"
2012,128,5,"172921","628","PAROPHRYS VETULUS","ENGLISH SOLE","CARLOTTIN ANGLAIS","urn:lsid:marinespecies.org:taxname:254393","2319.47186970651","97.893781867840005","6970.9791282306496","0.85943169464059299"
2016,110,2,"159988","038","APRISTURUS BRUNNEUS","BROWN CAT SHARK","HOLBICHE BRUNE","urn:lsid:marinespecies.org:taxname:158512","2123.22588984","0.0","5949.7680135600003","0.79598009229405697"
2016,110,42,"160617","044","SQUALUS SUCKLEYI","NORTH PACIFIC SPINY DOGFISH","AIGUILLAT DU PACIFIQUE","urn:lsid:marinespecies.org:taxname:299224","27010.117327051201","18083.056751023101","37122.645005830702","0.17487410142100099"
2016,110,6,"160935","052","BATHYRAJA ALEUTICA","ALEUTIAN SKATE","RAIE ALÉUTIENNE","urn:lsid:marinespecies.org:taxname:271506","13602.221924166501","3327.9832347879901","26547.416778063802","0.42459660336570398"
2016,110,11,"160942","057","BATHYRAJA TRACHURA","ROUGHTAIL SKATE","RAIE À QUEUE RUDE","urn:lsid:marinespecies.org:taxname:271538","84679.437296246193","20498.974855680201","164081.02917573601","0.44889374810251897"
2016,110,11,"160937","058","BATHYRAJA INTERRUPTA","SANDPAPER SKATE","RAIE RUGUEUSE","urn:lsid:marinespecies.org:taxname:271515","7807.2053180269104","2915.6743019939299","14428.7903952611","0.36741151715248899"
2016,110,31,"160851","059","RAJA RHINA","LONGNOSE SKATE","POCHETEAU LONG-NEZ","urn:lsid:marinespecies.org:taxname:271581","56359.360928095797","37732.684087151298","75460.278505364797","0.17038659904758199"
2016,110,58,"161015","066","HYDROLAGUS COLLIEI","SPOTTED RATFISH","CHIMÈRE D’AMÉRIQUE","urn:lsid:marinespecies.org:taxname:271406","40593.106203075396","24125.3403483205","61376.682165286402","0.24254487391141799"
2016,110,1,"161976","112","ONCORHYNCHUS KETA","CHUM SALMON","SAUMON KÉTA","urn:lsid:marinespecies.org:taxname:127183","594.02409592107495","0.0","1782.0722877632199","0.98657436637443197"
2016,110,10,"164673","220","ANTIMORA MICROLEPIS","PACIFIC FLATNOSE","ANTIMORE À PETITES ÉCAILLES","urn:lsid:marinespecies.org:taxname:272460","29664.220235471999","8510.1360590703807","61789.942242680001","0.48199934469508898"
2016,110,41,"164711","222","GADUS MACROCEPHALUS","PACIFIC COD","MORUE DU PACIFIQUE","urn:lsid:marinespecies.org:taxname:254538","29730.2689144176","20805.7232728544","40316.908795656003","0.16964781114788299"
2016,110,33,"164792","225","MERLUCCIUS PRODUCTUS","PACIFIC HAKE","MERLU DU PACIFIQUE","urn:lsid:marinespecies.org:taxname:272458","176409.37160869801","110383.14747333201","256457.83500078201","0.21276263011313801"
2016,110,39,"934083","228","GADUS CHALCOGRAMMUS","WALLEYE POLLOCK","GOBERGE DE L’ALASKA","urn:lsid:marinespecies.org:taxname:300735","59477.431788313799","15186.992538451999","164347.507620577","0.640094435032597"
2016,110,11,"165219","235","BOTHROCARA BRUNNEUM","TWOLINE EELPOUT","LYCODE À DEUX LIGNES","urn:lsid:marinespecies.org:taxname:279397","34846.276517340601","18448.899311802401","54067.6703426284","0.243278213976829"
2016,110,12,"165335","250","CORYPHAENOIDES CINEREUS","POPEYE","GRENADIER CENDRÉ","urn:lsid:marinespecies.org:taxname:272326","184355.019836302","87061.339459230207","310025.39412101998","0.30780807715827202"
2016,110,14,"165334","251","CORYPHAENOIDES ACROLEPIS","PACIFIC GRENADIER","GRENADIER À ÉCAILLES RUDES","urn:lsid:marinespecies.org:taxname:272313","871263.30619362602","433710.65621233598","1392566.2872788301","0.27450543609206701"
2016,110,15,"165427","256","ALBATROSSIA PECTORALIS","GIANT GRENADIER","GRENADIER PECTORAL","urn:lsid:marinespecies.org:taxname:236135","671495.62469447101","428074.41686392698","925445.55792280997","0.18805476266266499"
2016,110,49,"166706","394","SEBASTES ALEUTIANUS/MELANOSTICTUS COMPLEX","ROUGHEYE/BLACKSPOTTED ROCKFISH COMPLEX","SÉBASTE","urn:lsid:marinespecies.org:taxname:126175","3760107.3827070598","2119338.1280700099","5853234.0138398502","0.25141971241078898"
2016,110,88,"166707","396","SEBASTES ALUTUS","PACIFIC OCEAN PERCH","SÉBASTE À LONGUE MÂCHOIRE","urn:lsid:marinespecies.org:taxname:254573","11546881.5466391","7921056.9070949201","16560241.301112","0.190610462895309"
2016,110,4,"166709","400","SEBASTES AURORA","AURORA ROCKFISH","SÉBASTE AURORE","urn:lsid:marinespecies.org:taxname:274774","3514.85687749","158.946412345","10051.275381257399","0.85062682404343104"
2016,110,71,"166710","401","SEBASTES BABCOCKI","REDBANDED ROCKFISH","SÉBASTE À BANDES ROUGES","urn:lsid:marinespecies.org:taxname:274775","112250.907024139","74487.766082978997","159837.76556968401","0.194193430508456"
2016,110,10,"166712","403","SEBASTES BOREALIS","SHORTRAKER ROCKFISH","SÉBASTE BORÉAL","urn:lsid:marinespecies.org:taxname:274777","128619.160074609","24381.744806302901","258032.55625692999","0.48943363054022998"
2016,110,72,"166711","405","SEBASTES BREVISPINIS","SILVERGRAY ROCKFISH","SÉBASTE ARGENTÉ","urn:lsid:marinespecies.org:taxname:274778","1262607.39020039","741143.38060480205","1944538.60560068","0.23210606173975901"
2016,110,5,"644604","409","SEBASTES VARIABILIS","DUSKY ROCKFISH","SÉBASTE VARIABLE","urn:lsid:marinespecies.org:taxname:398442","2209.04210905439","243.28007444728399","5896.4931246413398","0.68311371611982197"
2016,110,8,"166715","410","SEBASTES CRAMERI","DARKBLOTCHED ROCKFISH","SÉBASTE TACHETÉ","urn:lsid:marinespecies.org:taxname:274785","5348.9321778641897","468.70615872154002","13226.898650192101","0.59807768648833903"
2016,110,13,"166716","412","SEBASTES DIPLOPROA","SPLITNOSE ROCKFISH","GUEULE-DE-LOUP","urn:lsid:marinespecies.org:taxname:274787","76229.393356348897","1127.9790026164901","181759.723223579","0.64736991787060805"
2016,110,17,"166717","414","SEBASTES ELONGATUS","GREENSTRIPED ROCKFISH","SÉBASTE À RAYURES VERTES","urn:lsid:marinespecies.org:taxname:274788","9520.0480856357608","3782.3345817548502","16006.021746918301","0.31985055988035099"
2016,110,33,"166719","417","SEBASTES ENTOMELAS","WIDOW ROCKFISH","VEUVE","urn:lsid:marinespecies.org:taxname:274791","100684.37782143299","38249.746350918598","182554.74443607099","0.36318869073586502"
2016,110,9,"166720","418","SEBASTES FLAVIDUS","YELLOWTAIL ROCKFISH","SÉBASTE À QUEUE JAUNE","urn:lsid:marinespecies.org:taxname:274795","11632.840989557701","2431.8526404475401","23034.346925581202","0.443633636924605"
2016,110,68,"166723","421","SEBASTES HELVOMACULATUS","ROSETHORN ROCKFISH","SÉBASTE ROSACÉ","urn:lsid:marinespecies.org:taxname:274799","105054.597100379","72660.719213069897","152490.95887311801","0.194289465101468"
2016,110,5,"166733","435","SEBASTES PAUCISPINIS","BOCACCIO","BOCACCIO","urn:lsid:marinespecies.org:taxname:274833","7655.54450263128","1070.0964458967201","18847.964684139901","0.66272099012557295"
2016,110,12,"166734","437","SEBASTES PINNIGER","CANARY ROCKFISH","SÉBASTE CANARI","urn:lsid:marinespecies.org:taxname:274836","374015.31630848499","27576.653937109699","1023335.49915851","0.79070483111002599"
2016,110,53,"166736","439","SEBASTES PRORIGER","REDSTRIPE ROCKFISH","SÉBASTE À RAIE ROUGE","urn:lsid:marinespecies.org:taxname:274838","1011872.58892813","479840.717364432","1649359.961079","0.30301418453388002"
2016,110,38,"166737","440","SEBASTES REEDI","YELLOWMOUTH ROCKFISH","SÉBASTE À BOUCHE JAUNE","urn:lsid:marinespecies.org:taxname:274840","1416099.40187781","191219.47413933699","3615271.6070904299","0.74774556535777503"
2016,110,28,"166742","446","SEBASTES VARIEGATUS","HARLEQUIN ROCKFISH","SÉBASTE ARLEQUIN","urn:lsid:marinespecies.org:taxname:274863","12625.2662192075","2331.2503547700298","32343.946064047501","0.646390793560503"
2016,110,57,"166744","450","SEBASTES ZACENTRUS","SHARPCHIN ROCKFISH","SÉBASTE À MENTON POINTU","urn:lsid:marinespecies.org:taxname:274869","1669542.0025537701","985966.24423673097","2440391.4947688198","0.22011449723444601"
2016,110,99,"166783","451","SEBASTOLOBUS ALASCANUS","SHORTSPINE THORNYHEAD","SÉBASTOLOBE À COURTES ÉPINES","urn:lsid:marinespecies.org:taxname:282740","1498141.7099904199","1162470.7554721599","1867415.2345869399","0.120776607269098"
2016,110,15,"166784","453","SEBASTOLOBUS ALTIVELIS","LONGSPINE THORNYHEAD","SÉBASTOLOBE À LONGUES ÉPINES","urn:lsid:marinespecies.org:taxname:282741","616892.75905794103","462737.69057931198","768756.61858355498","0.12750330644555"
2016,110,55,"167123","455","ANOPLOPOMA FIMBRIA","SABLEFISH","MORUE CHARBONNIÈRE","urn:lsid:marinespecies.org:taxname:159463","890479.90785472596","695950.70650574402","1140254.77196159","0.12679495735749699"
2016,110,23,"167116","467","OPHIODON ELONGATUS","LINGCOD","MORUE-LINGUE","urn:lsid:marinespecies.org:taxname:240745","34136.391791081398","18904.237062010001","52117.421491504603","0.23693563090874001"
2016,110,73,"172862","602","ATHERESTHES STOMIAS","ARROWTOOTH FLOUNDER","PLIE À GRANDE BOUCHE","urn:lsid:marinespecies.org:taxname:279792","184299.42280854899","99427.977553789795","311651.29248182202","0.29624913991264201"
2016,110,10,"172866","605","EMBASSICHTHYS BATHYBIUS","DEEPSEA SOLE","PLIE DE PROFONDEUR","urn:lsid:marinespecies.org:taxname:280641","7355.1079512380002","3088.0347213633199","11958.001993850899","0.29983252574680103"
2016,110,5,"172868","607","EOPSETTA JORDANI","PETRALE SOLE","PLIE DE CALIFORNIE","urn:lsid:marinespecies.org:taxname:280690","3568.14330507057","130.97205829732999","10649.9338009025","0.79701610325762096"
2016,110,86,"172978","610","GLYPTOCEPHALUS ZACHIRUS","REX SOLE","PLIE ROYALE","urn:lsid:marinespecies.org:taxname:274287","119010.116950159","79494.253534668096","167191.54898691399","0.18949164129328699"
2016,110,25,"172932","614","HIPPOGLOSSUS STENOLEPIS","PACIFIC HALIBUT","FLÉTAN DU PACIFIQUE","urn:lsid:marinespecies.org:taxname:274290","57367.191488435303","21676.319106323299","113260.796986068","0.43427312298617599"
2016,110,31,"172871","625","LYOPSETTA EXILIS","SLENDER SOLE","PLIE MINCE","urn:lsid:marinespecies.org:taxname:281452","1341.71251470378","898.147654587798","1874.97250815597","0.18998099120136899"
2016,110,83,"172887","626","MICROSTOMUS PACIFICUS","DOVER SOLE","LIMANDE-SOLE","urn:lsid:marinespecies.org:taxname:274294","249244.363527954","154844.03621893501","347082.08976145199","0.199613996337693"
2016,110,7,"172921","628","PAROPHRYS VETULUS","ENGLISH SOLE","CARLOTTIN ANGLAIS","urn:lsid:marinespecies.org:taxname:254393","4524.8137907703103","328.646477179702","11932.9403280446","0.80071092588558201"
2018,118,6,"159988","038","APRISTURUS BRUNNEUS","BROWN CAT SHARK","HOLBICHE BRUNE","urn:lsid:marinespecies.org:taxname:158512","3724.0998842153299","654.59783751800001","7759.2845907966803","0.52013078532968104"
2018,118,7,"160617","044","SQUALUS SUCKLEYI","NORTH PACIFIC SPINY DOGFISH","AIGUILLAT DU PACIFIQUE","urn:lsid:marinespecies.org:taxname:299224","3073.9468328309699","752.87768645558197","6931.1863833422703","0.50775334204233502"
2018,118,8,"160935","052","BATHYRAJA ALEUTICA","ALEUTIAN SKATE","RAIE ALÉUTIENNE","urn:lsid:marinespecies.org:taxname:271506","10728.400201484499","1282.0706971668801","25422.576168457799","0.588323658420287"
2018,118,5,"160942","057","BATHYRAJA TRACHURA","ROUGHTAIL SKATE","RAIE À QUEUE RUDE","urn:lsid:marinespecies.org:taxname:271538","10067.2770419196","1019.0876739300001","21737.179580417898","0.53888966829269302"
2018,118,17,"160937","058","BATHYRAJA INTERRUPTA","SANDPAPER SKATE","RAIE RUGUEUSE","urn:lsid:marinespecies.org:taxname:271515","12720.311087121299","6627.0396948388197","20011.655295356501","0.27515508572622899"
2018,118,30,"160851","059","RAJA RHINA","LONGNOSE SKATE","POCHETEAU LONG-NEZ","urn:lsid:marinespecies.org:taxname:271581","54194.963419092201","35621.526547650399","76928.075956671397","0.18930291436246899"
2018,118,68,"161015","066","HYDROLAGUS COLLIEI","SPOTTED RATFISH","CHIMÈRE D’AMÉRIQUE","urn:lsid:marinespecies.org:taxname:271406","51617.862283312897","30856.722106990401","77923.030920799705","0.23487544396590301"
2018,118,2,"161976","112","ONCORHYNCHUS KETA","CHUM SALMON","SAUMON KÉTA","urn:lsid:marinespecies.org:taxname:127183","918.45255506471597","0.0","2482.0489150114599","0.74472169657593801"
2018,118,13,"164673","220","ANTIMORA MICROLEPIS","PACIFIC FLATNOSE","ANTIMORE À PETITES ÉCAILLES","urn:lsid:marinespecies.org:taxname:272460","20050.9438753947","4157.9494855932599","44338.587771944898","0.57723086262684398"
2018,118,22,"164711","222","GADUS MACROCEPHALUS","PACIFIC COD","MORUE DU PACIFIQUE","urn:lsid:marinespecies.org:taxname:254538","19358.2743665243","11025.227223808601","28928.9146919048","0.23584478193212899"
2018,118,42,"164792","225","MERLUCCIUS PRODUCTUS","PACIFIC HAKE","MERLU DU PACIFIQUE","urn:lsid:marinespecies.org:taxname:272458","152736.52753899401","95201.818959710203","221470.801968007","0.210977461449945"
2018,118,40,"934083","228","GADUS CHALCOGRAMMUS","WALLEYE POLLOCK","GOBERGE DE L’ALASKA","urn:lsid:marinespecies.org:taxname:300735","53684.074179310999","23225.210519013701","94068.468348326394","0.33529167337075799"
2018,118,8,"165219","235","BOTHROCARA BRUNNEUM","TWOLINE EELPOUT","LYCODE À DEUX LIGNES","urn:lsid:marinespecies.org:taxname:279397","7696.0969265880003","2835.0017421102398","13435.0382645875","0.35836180277962998"
2018,118,17,"165335","250","CORYPHAENOIDES CINEREUS","POPEYE","GRENADIER CENDRÉ","urn:lsid:marinespecies.org:taxname:272326","98223.442034650594","40854.308083738397","179047.73179569101","0.35190337134761301"
2018,118,18,"165334","251","CORYPHAENOIDES ACROLEPIS","PACIFIC GRENADIER","GRENADIER À ÉCAILLES RUDES","urn:lsid:marinespecies.org:taxname:272313","470059.11954680301","199531.40336764601","836785.32990352099","0.35882921267706602"
2018,118,17,"165427","256","ALBATROSSIA PECTORALIS","GIANT GRENADIER","GRENADIER PECTORAL","urn:lsid:marinespecies.org:taxname:236135","440020.67152261402","177911.792718479","849412.91627297399","0.40122943016463303"
2018,118,53,"166706","394","SEBASTES ALEUTIANUS/MELANOSTICTUS COMPLEX","ROUGHEYE/BLACKSPOTTED ROCKFISH COMPLEX","SÉBASTE","urn:lsid:marinespecies.org:taxname:126175","2754088.8308244199","1352746.91466815","4293650.9093459602","0.26295363571705499"
2018,118,90,"166707","396","SEBASTES ALUTUS","PACIFIC OCEAN PERCH","SÉBASTE À LONGUE MÂCHOIRE","urn:lsid:marinespecies.org:taxname:254573","18791168.3951414","12073241.9643234","27533744.688220501","0.213138991320903"
2018,118,7,"166709","400","SEBASTES AURORA","AURORA ROCKFISH","SÉBASTE AURORE","urn:lsid:marinespecies.org:taxname:274774","8043.1976090411599","927.75866867717298","19172.813951150001","0.61351695755004099"
2018,118,72,"166710","401","SEBASTES BABCOCKI","REDBANDED ROCKFISH","SÉBASTE À BANDES ROUGES","urn:lsid:marinespecies.org:taxname:274775","143341.23804576701","95224.662141977999","204250.23932299999","0.19496258699961899"
2018,118,19,"166712","403","SEBASTES BOREALIS","SHORTRAKER ROCKFISH","SÉBASTE BORÉAL","urn:lsid:marinespecies.org:taxname:274777","350425.04312312702","79600.886830850402","761734.677098357","0.50902218790882703"
2018,118,66,"166711","405","SEBASTES BREVISPINIS","SILVERGRAY ROCKFISH","SÉBASTE ARGENTÉ","urn:lsid:marinespecies.org:taxname:274778","652787.49179650901","384670.923322635","955647.84724577202","0.22862046279634499"
2018,118,11,"644604","409","SEBASTES VARIABILIS","DUSKY ROCKFISH","SÉBASTE VARIABLE","urn:lsid:marinespecies.org:taxname:398442","4211.0812364863305","1208.0681560605699","8563.5415216055408","0.46793499540767602"
2018,118,6,"166715","410","SEBASTES CRAMERI","DARKBLOTCHED ROCKFISH","SÉBASTE TACHETÉ","urn:lsid:marinespecies.org:taxname:274785","43180.602351910398","817.05749605030201","124772.9618301","0.91352633321071697"
2018,118,14,"166716","412","SEBASTES DIPLOPROA","SPLITNOSE ROCKFISH","GUEULE-DE-LOUP","urn:lsid:marinespecies.org:taxname:274787","159036.399767386","3222.6206778916599","450060.55791120598","0.701931588802432"
2018,118,24,"166717","414","SEBASTES ELONGATUS","GREENSTRIPED ROCKFISH","SÉBASTE À RAYURES VERTES","urn:lsid:marinespecies.org:taxname:274788","10351.2409504834","4871.8275666834597","16831.997526294301","0.29239473756505202"
2018,118,28,"166719","417","SEBASTES ENTOMELAS","WIDOW ROCKFISH","VEUVE","urn:lsid:marinespecies.org:taxname:274791","49064.987006384603","20279.454364610701","87192.016329448306","0.33044118861149802"
2018,118,5,"166720","418","SEBASTES FLAVIDUS","YELLOWTAIL ROCKFISH","SÉBASTE À QUEUE JAUNE","urn:lsid:marinespecies.org:taxname:274795","7034.9437645868702","619.31401116931397","17083.238025887498","0.61305606260949896"
2018,118,65,"166723","421","SEBASTES HELVOMACULATUS","ROSETHORN ROCKFISH","SÉBASTE ROSACÉ","urn:lsid:marinespecies.org:taxname:274799","96607.270398845503","73786.971242834406","124654.518757189","0.13373870429811199"
2018,118,9,"166733","435","SEBASTES PAUCISPINIS","BOCACCIO","BOCACCIO","urn:lsid:marinespecies.org:taxname:274833","11189.803733541499","2587.0255151644501","23921.784676249699","0.49458741095683201"
2018,118,13,"166734","437","SEBASTES PINNIGER","CANARY ROCKFISH","SÉBASTE CANARI","urn:lsid:marinespecies.org:taxname:274836","87935.650032406906","7785.5368324655001","210849.88446157699","0.57535787393059801"
2018,118,61,"166736","439","SEBASTES PRORIGER","REDSTRIPE ROCKFISH","SÉBASTE À RAIE ROUGE","urn:lsid:marinespecies.org:taxname:274838","530926.600991613","242204.98217589999","854614.87956608203","0.28915935620261402"
2018,118,44,"166737","440","SEBASTES REEDI","YELLOWMOUTH ROCKFISH","SÉBASTE À BOUCHE JAUNE","urn:lsid:marinespecies.org:taxname:274840","641437.10690938495","117928.877933132","1419274.51512864","0.52538261070107795"
2018,118,49,"166742","446","SEBASTES VARIEGATUS","HARLEQUIN ROCKFISH","SÉBASTE ARLEQUIN","urn:lsid:marinespecies.org:taxname:274863","30285.7431893717","5283.5952346223803","72275.947837378306","0.60300426097800797"
2018,118,68,"166744","450","SEBASTES ZACENTRUS","SHARPCHIN ROCKFISH","SÉBASTE À MENTON POINTU","urn:lsid:marinespecies.org:taxname:274869","2277999.9504743102","866010.11126849102","4100427.5868361499","0.357142915560475"
2018,118,111,"166783","451","SEBASTOLOBUS ALASCANUS","SHORTSPINE THORNYHEAD","SÉBASTOLOBE À COURTES ÉPINES","urn:lsid:marinespecies.org:taxname:282740","1256291.350479","1068850.09003052","1477157.6944631101","8.4171283143043799E-2"
2018,118,23,"166784","453","SEBASTOLOBUS ALTIVELIS","LONGSPINE THORNYHEAD","SÉBASTOLOBE À LONGUES ÉPINES","urn:lsid:marinespecies.org:taxname:282741","530947.01156249398","341421.04901091103","744712.34166358202","0.187774817192396"
2018,118,103,"167123","455","ANOPLOPOMA FIMBRIA","SABLEFISH","MORUE CHARBONNIÈRE","urn:lsid:marinespecies.org:taxname:159463","1707033.3594120201","1234068.3265974999","2319790.24443918","0.15415929868550399"
2018,118,25,"167116","467","OPHIODON ELONGATUS","LINGCOD","MORUE-LINGUE","urn:lsid:marinespecies.org:taxname:240745","46526.9231874291","24875.2968847714","74024.827475516693","0.26621635102554098"
2018,118,82,"172862","602","ATHERESTHES STOMIAS","ARROWTOOTH FLOUNDER","PLIE À GRANDE BOUCHE","urn:lsid:marinespecies.org:taxname:279792","435845.69378791202","113900.3978657","931230.61680443096","0.51513098118718703"
2018,118,9,"172866","605","EMBASSICHTHYS BATHYBIUS","DEEPSEA SOLE","PLIE DE PROFONDEUR","urn:lsid:marinespecies.org:taxname:280641","7486.9848598528497","2091.6924707359899","15274.414663560499","0.44461170149714502"
2018,118,6,"172868","607","EOPSETTA JORDANI","PETRALE SOLE","PLIE DE CALIFORNIE","urn:lsid:marinespecies.org:taxname:280690","3711.4929709651301","388.67114396468997","8865.3074364272397","0.613976875365846"
2018,118,96,"172978","610","GLYPTOCEPHALUS ZACHIRUS","REX SOLE","PLIE ROYALE","urn:lsid:marinespecies.org:taxname:274287","92794.267689900706","66244.343889330106","120900.58607421401","0.156764015270421"
2018,118,25,"172932","614","HIPPOGLOSSUS STENOLEPIS","PACIFIC HALIBUT","FLÉTAN DU PACIFIQUE","urn:lsid:marinespecies.org:taxname:274290","43637.716366844201","24832.128446843501","65449.867637092","0.230322380026032"
2018,118,31,"172871","625","LYOPSETTA EXILIS","SLENDER SOLE","PLIE MINCE","urn:lsid:marinespecies.org:taxname:281452","1800.9452746780501","999.55979156364197","2766.0892795364798","0.25367149501392799"
2018,118,98,"172887","626","MICROSTOMUS PACIFICUS","DOVER SOLE","LIMANDE-SOLE","urn:lsid:marinespecies.org:taxname:274294","298904.698574093","219701.986359006","383288.74166108598","0.138327866793655"
2018,118,11,"172921","628","PAROPHRYS VETULUS","ENGLISH SOLE","CARLOTTIN ANGLAIS","urn:lsid:marinespecies.org:taxname:254393","3996.40660806507","1226.39268473115","8367.9130705939897","0.46545092311360903"
2020,96,2,"159988","038","APRISTURUS BRUNNEUS","BROWN CAT SHARK","HOLBICHE BRUNE","urn:lsid:marinespecies.org:taxname:158512","1772.5890632999999","0.0","3562.5359124000001","0.48915380593306401"
2020,96,5,"160617","044","SQUALUS SUCKLEYI","NORTH PACIFIC SPINY DOGFISH","AIGUILLAT DU PACIFIQUE","urn:lsid:marinespecies.org:taxname:299224","1302.9230700519399","233.291298866338","2513.45964164219","0.44235408954378103"
2020,96,3,"160935","052","BATHYRAJA ALEUTICA","ALEUTIAN SKATE","RAIE ALÉUTIENNE","urn:lsid:marinespecies.org:taxname:271506","8490.2717093539704","0.0","19349.1347482233","0.60316197309838004"
2020,96,3,"160942","057","BATHYRAJA TRACHURA","ROUGHTAIL SKATE","RAIE À QUEUE RUDE","urn:lsid:marinespecies.org:taxname:271538","71174.160736203106","31865.482233072002","110482.839239334","0.36180997676111498"
2020,96,14,"160937","058","BATHYRAJA INTERRUPTA","SANDPAPER SKATE","RAIE RUGUEUSE","urn:lsid:marinespecies.org:taxname:271515","5956.1510457005897","3201.0997702536602","9477.7768533377803","0.26684682195325699"
2020,96,23,"160851","059","RAJA RHINA","LONGNOSE SKATE","POCHETEAU LONG-NEZ","urn:lsid:marinespecies.org:taxname:271581","65012.598405080302","34315.043171125901","98911.694825795596","0.250200097247752"
2020,96,62,"161015","066","HYDROLAGUS COLLIEI","SPOTTED RATFISH","CHIMÈRE D’AMÉRIQUE","urn:lsid:marinespecies.org:taxname:271406","30360.300795710998","22041.754817073299","39807.163290001903","0.14623743880880499"
2020,96,7,"161976","112","ONCORHYNCHUS KETA","CHUM SALMON","SAUMON KÉTA","urn:lsid:marinespecies.org:taxname:127183","3693.9161858402499","1212.1760855016601","6671.8822047290696","0.37048483818328198"
2020,96,2,"164673","220","ANTIMORA MICROLEPIS","PACIFIC FLATNOSE","ANTIMORE À PETITES ÉCAILLES","urn:lsid:marinespecies.org:taxname:272460","6685.514407824","0.0","13371.028815648","0.59706327981381901"
2020,96,40,"164711","222","GADUS MACROCEPHALUS","PACIFIC COD","MORUE DU PACIFIQUE","urn:lsid:marinespecies.org:taxname:254538","45164.618225914499","28096.435102096901","70831.777472931193","0.239821683089846"
2020,96,38,"164792","225","MERLUCCIUS PRODUCTUS","PACIFIC HAKE","MERLU DU PACIFIQUE","urn:lsid:marinespecies.org:taxname:272458","290030.59651543503","146120.835108648","510335.03567328001","0.34409745035060302"
2020,96,38,"934083","228","GADUS CHALCOGRAMMUS","WALLEYE POLLOCK","GOBERGE DE L’ALASKA","urn:lsid:marinespecies.org:taxname:300735","20033.472174992999","12147.7169550823","28968.569719523199","0.206733243466108"
2020,96,2,"165219","235","BOTHROCARA BRUNNEUM","TWOLINE EELPOUT","LYCODE À DEUX LIGNES","urn:lsid:marinespecies.org:taxname:279397","2719.7854818000001","0.0","8159.3564453999998","0.83262473007183102"
2020,96,4,"165335","250","CORYPHAENOIDES CINEREUS","POPEYE","GRENADIER CENDRÉ","urn:lsid:marinespecies.org:taxname:272326","336164.33447872801","257312.67368619601","478330.58615482802","0.169769990651714"
2020,96,2,"165334","251","CORYPHAENOIDES ACROLEPIS","PACIFIC GRENADIER","GRENADIER À ÉCAILLES RUDES","urn:lsid:marinespecies.org:taxname:272313","1022233.73302674","372407.70650630398","1672059.75954718","0.45212895937921799"
2020,96,4,"165427","256","ALBATROSSIA PECTORALIS","GIANT GRENADIER","GRENADIER PECTORAL","urn:lsid:marinespecies.org:taxname:236135","618017.86035843799","303526.76511290402","929528.944111994","0.33667286046504502"
2020,96,47,"166706","394","SEBASTES ALEUTIANUS/MELANOSTICTUS COMPLEX","ROUGHEYE/BLACKSPOTTED ROCKFISH COMPLEX","SÉBASTE","urn:lsid:marinespecies.org:taxname:126175","3543143.0862034098","1497872.85086444","6414160.7196811195","0.342532326025133"
2020,96,91,"166707","396","SEBASTES ALUTUS","PACIFIC OCEAN PERCH","SÉBASTE À LONGUE MÂCHOIRE","urn:lsid:marinespecies.org:taxname:254573","21190242.3488569","13657269.837958399","31320826.981686201","0.21066210437517499"
2020,96,4,"166709","400","SEBASTES AURORA","AURORA ROCKFISH","SÉBASTE AURORE","urn:lsid:marinespecies.org:taxname:274774","6119.5094288030796","586.38560621855095","13044.6895421766","0.50958951207967795"
2020,96,73,"166710","401","SEBASTES BABCOCKI","REDBANDED ROCKFISH","SÉBASTE À BANDES ROUGES","urn:lsid:marinespecies.org:taxname:274775","147594.805965368","90092.650021706198","229816.06919080601","0.24129848975931201"
2020,96,19,"166712","403","SEBASTES BOREALIS","SHORTRAKER ROCKFISH","SÉBASTE BORÉAL","urn:lsid:marinespecies.org:taxname:274777","139234.09392706401","78536.102936035793","208361.34027967701","0.23899680857799499"
2020,96,74,"166711","405","SEBASTES BREVISPINIS","SILVERGRAY ROCKFISH","SÉBASTE ARGENTÉ","urn:lsid:marinespecies.org:taxname:274778","1704729.9819857599","990320.248956803","2725316.7629122999","0.25601810892853299"
2020,96,6,"644604","409","SEBASTES VARIABILIS","DUSKY ROCKFISH","SÉBASTE VARIABLE","urn:lsid:marinespecies.org:taxname:398442","874.89062032098502","269.79066296861498","1681.8656642370599","0.42959053244518902"
2020,96,8,"166715","410","SEBASTES CRAMERI","DARKBLOTCHED ROCKFISH","SÉBASTE TACHETÉ","urn:lsid:marinespecies.org:taxname:274785","9947.59037848154","2007.8627390326999","22978.741743982999","0.54046041952204904"
2020,96,27,"166716","412","SEBASTES DIPLOPROA","SPLITNOSE ROCKFISH","GUEULE-DE-LOUP","urn:lsid:marinespecies.org:taxname:274787","167564.54260937299","9053.2371536269802","441049.60460790998","0.74941846146688895"
2020,96,25,"166717","414","SEBASTES ELONGATUS","GREENSTRIPED ROCKFISH","SÉBASTE À RAYURES VERTES","urn:lsid:marinespecies.org:taxname:274788","16427.465443589801","8190.6590906543497","24732.068891097901","0.252658075581843"
2020,96,32,"166719","417","SEBASTES ENTOMELAS","WIDOW ROCKFISH","VEUVE","urn:lsid:marinespecies.org:taxname:274791","99112.590193333206","29114.0110376066","196188.91434698901","0.42329904572442401"
2020,96,7,"166720","418","SEBASTES FLAVIDUS","YELLOWTAIL ROCKFISH","SÉBASTE À QUEUE JAUNE","urn:lsid:marinespecies.org:taxname:274795","4286.9938681071399","804.35291612305298","8763.0122326967994","0.47003906719319399"
2020,96,67,"166723","421","SEBASTES HELVOMACULATUS","ROSETHORN ROCKFISH","SÉBASTE ROSACÉ","urn:lsid:marinespecies.org:taxname:274799","152634.88224884801","96468.372076359607","217931.15967190301","0.20019929256889099"
2020,96,22,"166733","435","SEBASTES PAUCISPINIS","BOCACCIO","BOCACCIO","urn:lsid:marinespecies.org:taxname:274833","53538.491134938697","20530.5942183269","98062.895529453803","0.36977418014626001"
2020,96,11,"166734","437","SEBASTES PINNIGER","CANARY ROCKFISH","SÉBASTE CANARI","urn:lsid:marinespecies.org:taxname:274836","133878.07120787501","29032.1002578679","269279.78080465901","0.482577543655902"
2020,96,43,"166736","439","SEBASTES PRORIGER","REDSTRIPE ROCKFISH","SÉBASTE À RAIE ROUGE","urn:lsid:marinespecies.org:taxname:274838","798381.48247983702","260385.77321602599","1477431.22186029","0.40252701520205603"
2020,96,33,"166737","440","SEBASTES REEDI","YELLOWMOUTH ROCKFISH","SÉBASTE À BOUCHE JAUNE","urn:lsid:marinespecies.org:taxname:274840","898199.34525371098","153231.35252719501","1831566.6664515601","0.491487702544737"
2020,96,21,"166742","446","SEBASTES VARIEGATUS","HARLEQUIN ROCKFISH","SÉBASTE ARLEQUIN","urn:lsid:marinespecies.org:taxname:274863","3280.8578061609501","992.62345566049601","6399.32922260948","0.41884893855244099"
2020,96,63,"166744","450","SEBASTES ZACENTRUS","SHARPCHIN ROCKFISH","SÉBASTE À MENTON POINTU","urn:lsid:marinespecies.org:taxname:274869","1052890.6133705899","454101.01601822802","1842290.0790204001","0.35495741303576001"
2020,96,88,"166783","451","SEBASTOLOBUS ALASCANUS","SHORTSPINE THORNYHEAD","SÉBASTOLOBE À COURTES ÉPINES","urn:lsid:marinespecies.org:taxname:282740","1731308.5637359601","1495289.3854922601","2023585.25239016","7.8343484136515595E-2"
2020,96,4,"166784","453","SEBASTOLOBUS ALTIVELIS","LONGSPINE THORNYHEAD","SÉBASTOLOBE À LONGUES ÉPINES","urn:lsid:marinespecies.org:taxname:282741","377803.18267926603","151930.693069992","603675.67228854005","0.34854173639862501"
2020,96,78,"167123","455","ANOPLOPOMA FIMBRIA","SABLEFISH","MORUE CHARBONNIÈRE","urn:lsid:marinespecies.org:taxname:159463","1662974.83128668","1151559.73115383","2170214.9299428202","0.16829806801618599"
2020,96,32,"167116","467","OPHIODON ELONGATUS","LINGCOD","MORUE-LINGUE","urn:lsid:marinespecies.org:taxname:240745","56883.6349885522","34037.444670626799","82840.91477304","0.214230974806809"
2020,96,85,"172862","602","ATHERESTHES STOMIAS","ARROWTOOTH FLOUNDER","PLIE À GRANDE BOUCHE","urn:lsid:marinespecies.org:taxname:279792","350537.47386044601","139715.24249882199","618443.91569086001","0.34956413101764799"
2020,96,1,"172866","605","EMBASSICHTHYS BATHYBIUS","DEEPSEA SOLE","PLIE DE PROFONDEUR","urn:lsid:marinespecies.org:taxname:280641","2758.0923195","0.0","8274.2769585000005","0.78760130336330503"
2020,96,19,"172868","607","EOPSETTA JORDANI","PETRALE SOLE","PLIE DE CALIFORNIE","urn:lsid:marinespecies.org:taxname:280690","8341.5960518798493","3876.54440221094","14269.340275771699","0.30495895604302498"
2020,96,89,"172978","610","GLYPTOCEPHALUS ZACHIRUS","REX SOLE","PLIE ROYALE","urn:lsid:marinespecies.org:taxname:274287","204171.282675528","134104.978801758","279795.87909500801","0.18646746629251101"
2020,96,31,"172932","614","HIPPOGLOSSUS STENOLEPIS","PACIFIC HALIBUT","FLÉTAN DU PACIFIQUE","urn:lsid:marinespecies.org:taxname:274290","56367.879634019897","34480.089311367497","82332.0684058443","0.21781923038141399"
2020,96,41,"172871","625","LYOPSETTA EXILIS","SLENDER SOLE","PLIE MINCE","urn:lsid:marinespecies.org:taxname:281452","2834.28189382348","1537.74134383975","4724.5553177285601","0.29595235085876198"
2020,96,79,"172887","626","MICROSTOMUS PACIFICUS","DOVER SOLE","LIMANDE-SOLE","urn:lsid:marinespecies.org:taxname:274294","436171.78797409398","352229.86931142199","532036.06173623598","0.106291878771031"
2020,96,13,"172921","628","PAROPHRYS VETULUS","ENGLISH SOLE","CARLOTTIN ANGLAIS","urn:lsid:marinespecies.org:taxname:254393","8814.4336110539098","3292.6746392301002","15609.734006147901","0.36129675292798902"
